# Symbol,XAUUSD.iux,Timeframe,M1,Timezone,UTC+1
Time,Open,High,Low,Close,TickVolume
2026.09.29 03:32,4137.09,4137.66,4136.02,4136.02,301
2026.09.29 03:33,4136.04,4136.04,4134.85,4135.66,263
2026.09.29 03:34,4135.65,4137.61,4135.59,4136.99,252
2026.09.29 03:35,4137.06,4137.21,4133.45,4133.45,240
2026.09.29 03:36,4133.44,4134.97,4133.13,4134.1,288
2026.09.29 03:37,4134.07,4135.58,4133.88,4135.52,209
2026.09.29 03:38,4135.51,4136.94,4134.96,4136.39,219
2026.09.29 03:39,4136.41,4137.33,4135.65,4136.12,218
2026.09.29 03:40,4136.18,4136.31,4133.49,4133.73,266
2026.09.29 03:41,4133.71,4134.62,4132.93,4133.09,243
2026.09.29 03:42,4133.12,4134.6,4133.04,4133.93,191
2026.09.29 03:43,4133.94,4138.02,4133.82,4137.49,242
2026.09.29 03:44,4137.47,4137.68,4135.76,4136.43,228
2026.09.29 03:45,4136.44,4137.67,4135.62,4137.65,240
2026.09.29 03:46,4137.64,4138.14,4136.8,4137.0,271
2026.09.29 03:47,4137.01,4137.98,4136.51,4137.19,228
2026.09.29 03:48,4137.18,4138.6,4136.83,4138.59,218
2026.09.29 03:49,4138.57,4138.62,4136.9,4138.1,229
2026.09.29 03:50,4138.13,4138.62,4137.62,4137.92,191
2026.09.29 03:51,4137.89,4138.13,4136.09,4136.26,239
2026.09.29 03:52,4136.48,4137.74,4136.37,4136.63,254
2026.09.29 03:53,4136.58,4137.2,4136.15,4136.96,239
2026.09.29 03:54,4137.12,4137.61,4136.49,4137.19,182
2026.09.29 03:55,4137.17,4138.5,4135.95,4137.54,257
2026.09.29 03:56,4137.55,4137.99,4136.43,4136.65,189
2026.09.29 03:57,4136.56,4139.18,4136.44,4138.4,202
2026.09.29 03:58,4138.35,4139.32,4137.89,4138.83,209
2026.09.29 03:59,4138.78,4138.78,4137.33,4137.69,218
2026.09.29 04:00,4137.6,4138.19,4136.7,4137.5,239
2026.09.29 04:01,4137.51,4138.65,4137.28,4138.01,199
2026.09.29 04:02,4138.04,4138.73,4136.43,4138.51,196
2026.09.29 04:03,4138.5,4139.38,4137.01,4137.01,193
2026.09.29 04:04,4136.87,4136.89,4134.98,4134.98,264
2026.09.29 04:05,4135.02,4135.7,4134.36,4135.7,228
2026.09.29 04:06,4135.78,4137.3,4135.66,4137.26,207
2026.09.29 04:07,4137.27,4138.87,4136.48,4138.45,212
2026.09.29 04:08,4138.47,4138.47,4135.87,4135.97,262
2026.09.29 04:09,4136.06,4136.2,4134.75,4135.98,275
2026.09.29 04:10,4135.93,4136.29,4134.14,4135.71,252
2026.09.29 04:11,4135.73,4136.05,4134.13,4134.28,227
2026.09.29 04:12,4134.32,4134.95,4134.1,4134.49,202
2026.09.29 04:13,4134.47,4135.39,4134.34,4134.36,203
2026.09.29 04:14,4134.35,4134.98,4133.88,4134.98,220
2026.09.29 04:15,4135.0,4135.88,4134.8,4135.88,223
2026.09.29 04:16,4135.87,4136.38,4135.24,4135.73,190
2026.09.29 04:17,4135.74,4136.13,4134.83,4134.85,198
2026.09.29 04:18,4134.84,4135.66,4133.84,4134.35,195
2026.09.29 04:19,4134.39,4135.08,4133.9,4134.64,184
2026.09.29 04:20,4134.67,4135.72,4134.39,4135.7,214
2026.09.29 04:21,4135.69,4137.18,4135.23,4136.03,233
2026.09.29 04:22,4135.99,4136.2,4135.1,4135.17,191
2026.09.29 04:23,4135.16,4137.19,4135.16,4136.53,215
2026.09.29 04:24,4136.52,4137.54,4136.12,4137.54,165
2026.09.29 04:25,4137.31,4138.16,4136.01,4137.77,220
2026.09.29 04:26,4137.86,4138.56,4136.49,4136.51,187
2026.09.29 04:27,4136.5,4137.5,4136.49,4137.09,172
2026.09.29 04:28,4137.37,4139.7,4137.1,4139.57,198
2026.09.29 04:29,4139.58,4139.89,4138.78,4139.36,252
2026.09.29 04:30,4139.38,4140.15,4138.32,4139.72,254
2026.09.29 04:31,4139.83,4140.16,4139.23,4139.35,184
2026.09.29 04:32,4139.3,4139.3,4138.42,4138.85,139
2026.09.29 04:33,4138.86,4138.93,4137.78,4138.6,150
2026.09.29 04:34,4138.61,4138.61,4138.06,4138.6,151
2026.09.29 04:35,4138.61,4138.91,4136.45,4137.05,193
2026.09.29 04:36,4136.89,4137.71,4136.77,4137.43,169
2026.09.29 04:37,4137.45,4137.73,4136.38,4137.06,188
2026.09.29 04:38,4137.07,4139.37,4137.07,4138.28,138
2026.09.29 04:39,4138.15,4139.92,4137.73,4139.64,139
2026.09.29 04:40,4139.76,4140.17,4138.57,4140.16,191
2026.09.29 04:41,4140.07,4140.39,4139.87,4140.02,157
2026.09.29 04:42,4140.05,4140.38,4139.35,4139.44,151
2026.09.29 04:43,4139.38,4140.15,4138.83,4138.83,141
2026.09.29 04:44,4138.88,4139.13,4136.66,4136.72,155
2026.09.29 04:45,4136.74,4137.01,4135.74,4135.84,198
2026.09.29 04:46,4135.71,4136.29,4134.51,4134.54,161
2026.09.29 04:47,4134.5,4136.77,4134.23,4136.72,142
2026.09.29 04:48,4136.73,4136.98,4136.06,4136.82,144
2026.09.29 04:49,4136.85,4137.39,4136.81,4137.01,109
2026.09.29 04:50,4137.06,4137.1,4136.14,4136.21,164
2026.09.29 04:51,4136.22,4137.11,4135.32,4135.32,174
2026.09.29 04:52,4135.35,4135.67,4134.79,4135.55,144
2026.09.29 04:53,4135.53,4135.84,4134.48,4134.58,192
2026.09.29 04:54,4134.35,4135.38,4134.27,4135.38,149
2026.09.29 04:55,4135.37,4135.94,4133.39,4133.5,220
2026.09.29 04:56,4133.46,4133.55,4131.78,4132.62,229
2026.09.29 04:57,4132.68,4133.28,4131.74,4132.73,180
2026.09.29 04:58,4132.77,4133.16,4131.92,4132.85,179
2026.09.29 04:59,4132.94,4134.17,4132.89,4133.98,158
2026.09.29 05:00,4133.88,4134.2,4132.58,4132.89,186
2026.09.29 05:01,4132.87,4132.99,4131.61,4131.72,156
2026.09.29 05:02,4131.7,4132.34,4131.32,4132.13,134
2026.09.29 05:03,4132.16,4132.3,4131.28,4132.09,153
2026.09.29 05:04,4131.94,4132.38,4131.59,4132.13,143
2026.09.29 05:05,4132.12,4132.18,4130.72,4130.79,166
2026.09.29 05:06,4130.85,4131.6,4130.85,4130.99,139
2026.09.29 05:07,4131.02,4131.3,4130.63,4130.65,127
2026.09.29 05:08,4130.71,4131.42,4130.4,4131.08,135
2026.09.29 05:09,4131.07,4132.21,4130.77,4132.19,128
2026.09.29 05:10,4132.2,4132.28,4131.05,4131.05,139
2026.09.29 05:11,4131.04,4131.65,4130.53,4130.53,130
2026.09.29 05:12,4130.46,4132.26,4129.82,4131.04,173
2026.09.29 05:13,4131.02,4131.56,4130.87,4131.24,144
2026.09.29 05:14,4131.21,4131.5,4130.45,4131.26,104
2026.09.29 05:15,4131.27,4131.43,4129.85,4130.08,203
2026.09.29 05:16,4130.02,4132.02,4129.96,4131.48,117
2026.09.29 05:17,4131.28,4132.0,4130.87,4131.1,132
2026.09.29 05:18,4131.08,4131.7,4131.03,4131.49,97
2026.09.29 05:19,4131.55,4131.6,4130.82,4130.82,111
2026.09.29 05:20,4130.83,4130.83,4129.81,4130.49,157
2026.09.29 05:21,4130.46,4131.09,4130.38,4131.06,120
2026.09.29 05:22,4131.1,4131.11,4129.59,4129.74,122
2026.09.29 05:23,4129.77,4130.2,4129.52,4129.54,100
2026.09.29 05:24,4129.41,4129.89,4129.2,4129.79,121
2026.09.29 05:25,4129.77,4130.2,4129.48,4129.86,145
2026.09.29 05:26,4129.83,4129.95,4128.93,4128.96,113
2026.09.29 05:27,4128.94,4129.57,4128.58,4129.08,107
2026.09.29 05:28,4129.11,4129.58,4128.88,4128.9,126
2026.09.29 05:29,4128.85,4129.83,4128.84,4129.73,159
2026.09.29 05:30,4129.64,4131.83,4129.29,4131.23,308
2026.09.29 05:31,4131.2,4131.82,4129.71,4129.81,329
2026.09.29 05:32,4129.84,4130.8,4129.56,4129.95,218
2026.09.29 05:33,4129.93,4129.93,4127.77,4128.0,189
2026.09.29 05:34,4128.1,4128.28,4126.3,4126.3,170
2026.09.29 05:35,4126.44,4126.94,4126.04,4126.07,176
2026.09.29 05:36,4126.12,4126.59,4125.78,4125.91,191
2026.09.29 05:37,4125.89,4126.41,4125.2,4125.22,156
2026.09.29 05:38,4125.18,4125.94,4124.72,4125.81,178
2026.09.29 05:39,4125.84,4126.39,4125.0,4126.09,155
2026.09.29 05:40,4126.17,4126.85,4125.72,4125.91,170
2026.09.29 05:41,4125.9,4126.38,4125.45,4125.56,177
2026.09.29 05:42,4125.57,4126.94,4125.09,4126.63,168
2026.09.29 05:43,4126.54,4127.71,4126.26,4126.26,173
2026.09.29 05:44,4126.25,4127.18,4126.04,4127.02,159
2026.09.29 05:45,4127.01,4127.39,4126.73,4126.82,133
2026.09.29 05:46,4126.95,4127.56,4126.82,4127.27,128
2026.09.29 05:47,4127.28,4127.35,4126.24,4126.55,125
2026.09.29 05:48,4126.56,4126.83,4126.22,4126.74,119
2026.09.29 05:49,4126.75,4127.14,4125.86,4126.63,148
2026.09.29 05:50,4126.62,4127.01,4126.21,4126.93,127
2026.09.29 05:51,4126.92,4127.28,4126.49,4127.23,152
2026.09.29 05:52,4127.21,4128.72,4127.15,4127.7,169
2026.09.29 05:53,4127.68,4128.17,4127.43,4128.15,137
2026.09.29 05:54,4128.18,4128.7,4127.44,4127.92,125
2026.09.29 05:55,4127.89,4127.89,4127.05,4127.54,135
2026.09.29 05:56,4127.55,4127.69,4126.09,4126.26,151
2026.09.29 05:57,4126.25,4127.11,4126.18,4126.73,129
2026.09.29 05:58,4126.74,4127.46,4126.49,4127.45,165
2026.09.29 05:59,4127.49,4127.53,4126.27,4126.72,119
2026.09.29 06:00,4126.71,4127.44,4125.98,4127.32,248
2026.09.29 06:01,4127.38,4128.48,4126.92,4128.29,199
2026.09.29 06:02,4128.38,4128.64,4127.75,4127.89,178
2026.09.29 06:03,4127.85,4128.46,4127.71,4128.09,151
2026.09.29 06:04,4128.14,4129.13,4127.76,4128.76,150
2026.09.29 06:05,4128.75,4128.77,4125.9,4125.91,196
2026.09.29 06:06,4126.01,4127.57,4125.84,4126.63,195
2026.09.29 06:07,4126.64,4127.63,4126.64,4127.2,197
2026.09.29 06:08,4127.25,4129.59,4127.25,4129.19,180
2026.09.29 06:09,4129.17,4130.5,4129.17,4130.04,151
2026.09.29 06:10,4130.03,4130.06,4126.84,4127.46,196
2026.09.29 06:11,4127.44,4129.17,4127.35,4129.17,177
2026.09.29 06:12,4129.08,4129.44,4127.62,4128.59,167
2026.09.29 06:13,4128.57,4129.56,4128.37,4129.16,159
2026.09.29 06:14,4129.12,4129.19,4128.49,4128.61,148
2026.09.29 06:15,4128.67,4129.0,4127.24,4127.45,150
2026.09.29 06:16,4127.48,4128.28,4127.07,4128.02,136
2026.09.29 06:17,4128.04,4129.86,4127.25,4129.83,150
2026.09.29 06:18,4130.25,4131.59,4129.98,4131.56,190
2026.09.29 06:19,4131.52,4131.7,4130.26,4130.64,170
2026.09.29 06:20,4130.65,4130.87,4129.58,4130.84,201
2026.09.29 06:21,4130.85,4131.38,4129.35,4130.42,158
2026.09.29 06:22,4130.51,4131.98,4130.23,4131.9,150
2026.09.29 06:23,4131.96,4132.64,4131.55,4132.38,165
2026.09.29 06:24,4132.32,4133.13,4131.68,4132.01,154
2026.09.29 06:25,4132.02,4132.29,4131.61,4131.64,140
2026.09.29 06:26,4131.62,4132.69,4131.0,4131.18,209
2026.09.29 06:27,4131.22,4131.86,4130.29,4130.64,180
2026.09.29 06:28,4130.59,4131.43,4128.62,4131.3,227
2026.09.29 06:29,4131.17,4131.37,4130.39,4130.43,172
2026.09.29 06:30,4130.4,4130.4,4126.2,4126.89,413
2026.09.29 06:31,4126.91,4128.09,4125.91,4126.16,337
2026.09.29 06:32,4126.18,4126.18,4124.27,4124.47,304
2026.09.29 06:33,4124.49,4124.75,4122.1,4122.14,316
2026.09.29 06:34,4122.13,4124.93,4122.07,4124.3,313
2026.09.29 06:35,4124.31,4125.64,4123.2,4125.45,302
2026.09.29 06:36,4125.4,4126.02,4124.41,4125.23,421
2026.09.29 06:37,4125.37,4126.41,4124.71,4125.37,311
2026.09.29 06:38,4125.3,4130.1,4125.17,4130.1,296
2026.09.29 06:39,4130.3,4135.66,4130.22,4135.43,350
2026.09.29 06:40,4135.39,4136.52,4134.46,4135.23,341
2026.09.29 06:41,4135.22,4135.5,4134.06,4134.92,280
2026.09.29 06:42,4134.91,4134.91,4132.9,4133.41,306
2026.09.29 06:43,4133.45,4137.34,4132.9,4137.17,293
2026.09.29 06:44,4137.19,4140.58,4137.06,4138.48,378
2026.09.29 06:45,4138.36,4139.08,4134.35,4134.37,367
2026.09.29 06:46,4134.27,4135.73,4134.19,4135.57,295
2026.09.29 06:47,4135.55,4136.33,4134.49,4136.03,267
2026.09.29 06:48,4135.98,4137.03,4135.59,4136.28,240
2026.09.29 06:49,4136.22,4136.93,4135.69,4136.53,219
2026.09.29 06:50,4136.57,4137.79,4136.29,4137.79,288
2026.09.29 06:51,4137.85,4138.87,4136.4,4137.74,270
2026.09.29 06:52,4137.68,4139.8,4137.18,4138.81,276
2026.09.29 06:53,4138.83,4144.77,4138.44,4144.77,377
2026.09.29 06:54,4144.87,4145.12,4142.27,4142.36,286
2026.09.29 06:55,4142.4,4143.48,4142.29,4142.9,276
2026.09.29 06:56,4142.39,4143.53,4140.95,4140.95,275
2026.09.29 06:57,4140.93,4141.24,4138.67,4138.67,244
2026.09.29 06:58,4138.64,4138.64,4136.82,4138.35,248
2026.09.29 06:59,4138.38,4139.9,4137.44,4139.0,274
2026.09.29 07:00,4138.85,4143.55,4138.74,4140.54,403
2026.09.29 07:01,4140.58,4141.29,4139.15,4139.15,346
2026.09.29 07:02,4139.22,4140.8,4139.22,4140.77,312
2026.09.29 07:03,4140.8,4143.15,4139.97,4143.04,334
2026.09.29 07:04,4143.02,4143.29,4141.59,4142.51,272
2026.09.29 07:05,4142.47,4143.84,4141.99,4142.68,267
2026.09.29 07:06,4142.74,4143.01,4141.43,4142.54,244
2026.09.29 07:07,4142.56,4142.8,4141.2,4141.81,279
2026.09.29 07:08,4141.86,4145.69,4141.86,4144.81,317
2026.09.29 07:09,4144.79,4144.95,4143.75,4144.05,268
2026.09.29 07:10,4144.07,4145.49,4143.4,4145.34,295
2026.09.29 07:11,4145.38,4145.92,4144.82,4145.69,262
2026.09.29 07:12,4145.79,4145.9,4144.78,4145.83,188
2026.09.29 07:13,4145.77,4147.92,4145.55,4147.52,238
2026.09.29 07:14,4147.53,4148.23,4146.89,4146.89,204
2026.09.29 07:15,4146.93,4148.03,4145.3,4145.53,199
2026.09.29 07:16,4145.57,4145.57,4143.96,4144.91,236
2026.09.29 07:17,4144.74,4144.74,4141.24,4141.8,273
2026.09.29 07:18,4141.75,4142.57,4140.47,4141.99,295
2026.09.29 07:19,4142.03,4143.88,4141.71,4141.97,263
2026.09.29 07:20,4142.06,4142.85,4141.59,4142.85,250
2026.09.29 07:21,4142.87,4143.96,4142.83,4143.65,234
2026.09.29 07:22,4143.57,4146.35,4142.89,4144.88,347
2026.09.29 07:23,4144.87,4145.2,4143.9,4144.4,232
2026.09.29 07:24,4144.35,4144.76,4143.0,4144.01,258
2026.09.29 07:25,4143.81,4144.32,4141.91,4141.91,251
2026.09.29 07:26,4141.89,4143.08,4141.83,4142.59,230
2026.09.29 07:27,4142.64,4143.82,4142.28,4142.93,218
2026.09.29 07:28,4142.9,4144.62,4142.87,4142.9,224
2026.09.29 07:29,4142.92,4144.46,4142.92,4143.38,261
2026.09.29 07:30,4143.37,4143.91,4142.9,4143.46,321
2026.09.29 07:31,4143.47,4144.63,4142.98,4143.76,289
2026.09.29 07:32,4143.78,4145.38,4142.6,4144.9,216
2026.09.29 07:33,4144.91,4145.62,4143.95,4144.58,202
2026.09.29 07:34,4144.59,4144.62,4143.68,4143.89,198
2026.09.29 07:35,4143.86,4144.01,4142.71,4143.12,176
2026.09.29 07:36,4143.07,4143.42,4142.6,4143.31,175
2026.09.29 07:37,4143.35,4143.94,4142.25,4143.08,231
2026.09.29 07:38,4143.07,4144.12,4142.67,4143.6,239
2026.09.29 07:39,4143.53,4144.48,4143.41,4143.42,200
2026.09.29 07:40,4143.46,4143.75,4142.66,4143.52,207
2026.09.29 07:41,4143.55,4144.5,4142.94,4144.2,187
2026.09.29 07:42,4144.21,4145.37,4144.21,4144.75,181
2026.09.29 07:43,4144.78,4145.18,4143.8,4144.36,158
2026.09.29 07:44,4144.21,4144.28,4141.75,4143.84,185
2026.09.29 07:45,4143.64,4143.65,4142.8,4143.21,196
2026.09.29 07:46,4143.23,4143.55,4142.02,4142.11,172
2026.09.29 07:47,4142.18,4142.93,4141.9,4142.28,197
2026.09.29 07:48,4142.27,4142.76,4141.69,4142.15,174
2026.09.29 07:49,4142.22,4142.64,4141.9,4142.19,140
2026.09.29 07:50,4142.24,4142.5,4140.69,4141.03,204
2026.09.29 07:51,4140.86,4141.1,4139.88,4140.29,184
2026.09.29 07:52,4140.37,4141.76,4140.32,4141.24,181
2026.09.29 07:53,4141.31,4141.98,4140.74,4141.18,160
2026.09.29 07:54,4141.2,4142.32,4140.96,4141.64,169
2026.09.29 07:55,4141.51,4141.81,4140.69,4140.84,171
2026.09.29 07:56,4140.73,4141.27,4140.46,4140.46,143
2026.09.29 07:57,4140.74,4141.23,4140.03,4140.64,150
2026.09.29 07:58,4140.55,4140.69,4139.03,4139.31,260
2026.09.29 07:59,4139.32,4140.75,4139.22,4140.34,167
2026.09.29 08:00,4140.42,4140.86,4138.31,4138.49,363
2026.09.29 08:01,4138.4,4138.46,4136.15,4136.15,321
2026.09.29 08:02,4136.27,4137.56,4135.97,4137.42,294
2026.09.29 08:03,4137.72,4139.61,4137.23,4139.02,266
2026.09.29 08:04,4139.03,4140.91,4138.92,4140.56,205
2026.09.29 08:05,4140.59,4143.29,4140.59,4143.29,255
2026.09.29 08:06,4143.23,4143.94,4142.71,4142.96,216
2026.09.29 08:07,4143.03,4144.43,4142.79,4144.18,213
2026.09.29 08:08,4144.26,4145.27,4143.61,4143.89,255
2026.09.29 08:09,4143.9,4144.93,4143.33,4144.23,245
2026.09.29 08:10,4144.27,4144.47,4141.99,4143.61,318
2026.09.29 08:11,4143.57,4144.71,4141.88,4144.09,289
2026.09.29 08:12,4144.12,4144.34,4143.08,4143.74,250
2026.09.29 08:13,4143.67,4144.54,4143.3,4143.72,260
2026.09.29 08:14,4143.62,4143.98,4143.11,4143.98,237
2026.09.29 08:15,4143.94,4145.86,4143.9,4144.42,282
2026.09.29 08:16,4144.45,4144.51,4143.05,4143.22,227
2026.09.29 08:17,4143.19,4143.61,4142.62,4142.62,208
2026.09.29 08:18,4142.69,4144.1,4142.69,4143.38,197
2026.09.29 08:19,4143.39,4145.52,4143.3,4145.52,222
2026.09.29 08:20,4145.51,4146.01,4145.13,4146.0,269
2026.09.29 08:21,4145.96,4146.62,4145.17,4145.51,252
2026.09.29 08:22,4145.5,4146.45,4144.46,4146.32,232
2026.09.29 08:23,4146.39,4147.26,4145.42,4146.61,222
2026.09.29 08:24,4146.63,4147.24,4146.11,4146.83,227
2026.09.29 08:25,4146.94,4148.9,4146.78,4148.31,274
2026.09.29 08:26,4148.22,4148.68,4147.46,4147.75,200
2026.09.29 08:27,4147.76,4148.51,4147.23,4147.57,209
2026.09.29 08:28,4147.53,4148.15,4146.63,4147.91,237
2026.09.29 08:29,4147.96,4147.98,4146.49,4146.57,253
2026.09.29 08:30,4146.5,4146.78,4143.91,4144.54,308
2026.09.29 08:31,4144.51,4144.76,4140.89,4141.56,327
2026.09.29 08:32,4141.58,4143.45,4141.46,4143.45,296
2026.09.29 08:33,4143.62,4144.37,4142.94,4143.78,253
2026.09.29 08:34,4144.1,4144.86,4142.74,4143.69,278
2026.09.29 08:35,4143.71,4145.18,4143.09,4144.84,266
2026.09.29 08:36,4144.85,4145.37,4143.53,4144.53,285
2026.09.29 08:37,4144.55,4145.84,4143.98,4144.33,261
2026.09.29 08:38,4144.28,4146.26,4144.25,4145.73,251
2026.09.29 08:39,4145.69,4148.63,4144.6,4145.25,384
2026.09.29 08:40,4145.2,4146.17,4142.96,4146.11,334
2026.09.29 08:41,4146.1,4146.23,4143.66,4144.17,270
2026.09.29 08:42,4144.06,4144.46,4143.52,4143.68,269
2026.09.29 08:43,4143.77,4144.44,4143.18,4143.19,237
2026.09.29 08:44,4143.18,4143.45,4141.66,4142.4,284
2026.09.29 08:45,4142.43,4143.01,4141.96,4142.36,265
2026.09.29 08:46,4142.29,4142.82,4141.69,4142.81,248
2026.09.29 08:47,4142.84,4142.96,4141.84,4142.35,211
2026.09.29 08:48,4142.41,4143.27,4142.04,4143.13,208
2026.09.29 08:49,4143.08,4143.23,4142.01,4142.07,191
2026.09.29 08:50,4142.11,4142.69,4140.75,4142.4,265
2026.09.29 08:51,4142.39,4142.53,4141.74,4142.37,214
2026.09.29 08:52,4142.33,4143.35,4141.32,4141.44,186
2026.09.29 08:53,4141.42,4141.75,4140.79,4141.61,230
2026.09.29 08:54,4141.62,4142.3,4140.65,4140.66,194
2026.09.29 08:55,4140.67,4140.83,4139.83,4140.3,206
2026.09.29 08:56,4140.36,4140.88,4139.94,4140.37,190
2026.09.29 08:57,4140.33,4140.52,4139.43,4139.58,180
2026.09.29 08:58,4139.6,4140.81,4139.6,4140.33,229
2026.09.29 08:59,4140.32,4141.43,4140.01,4141.08,215
2026.09.29 09:00,4141.12,4141.99,4140.57,4141.25,315
2026.09.29 09:01,4141.2,4142.52,4140.65,4142.34,236
2026.09.29 09:02,4142.35,4143.36,4141.96,4143.31,211
2026.09.29 09:03,4143.27,4143.81,4142.4,4143.05,223
2026.09.29 09:04,4142.95,4143.05,4140.46,4140.83,242
2026.09.29 09:05,4140.86,4141.02,4138.48,4139.08,252
2026.09.29 09:06,4139.11,4139.98,4138.98,4139.12,236
2026.09.29 09:07,4139.2,4140.2,4137.71,4137.88,239
2026.09.29 09:08,4137.87,4138.93,4137.87,4138.78,238
2026.09.29 09:09,4138.77,4139.33,4138.51,4139.31,205
2026.09.29 09:10,4139.32,4140.29,4138.45,4138.48,229
2026.09.29 09:11,4138.49,4139.61,4137.99,4139.61,248
2026.09.29 09:12,4139.6,4139.98,4138.78,4139.76,217
2026.09.29 09:13,4139.81,4140.94,4139.68,4140.61,182
2026.09.29 09:14,4140.39,4141.58,4140.27,4140.7,216
2026.09.29 09:15,4140.72,4142.4,4140.7,4141.87,255
2026.09.29 09:16,4141.88,4143.02,4141.38,4143.02,173
2026.09.29 09:17,4143.03,4144.49,4143.03,4143.09,249
2026.09.29 09:18,4143.1,4143.52,4142.18,4142.59,265
2026.09.29 09:19,4142.6,4144.18,4142.34,4144.18,214
2026.09.29 09:20,4144.17,4144.67,4143.58,4144.65,277
2026.09.29 09:21,4144.76,4146.58,4144.61,4145.59,294
2026.09.29 09:22,4145.48,4145.9,4143.79,4143.93,265
2026.09.29 09:23,4143.8,4144.46,4143.22,4143.69,270
2026.09.29 09:24,4143.68,4143.75,4141.05,4141.91,262
2026.09.29 09:25,4141.93,4142.11,4140.99,4141.03,262
2026.09.29 09:26,4141.06,4141.39,4139.96,4140.99,250
2026.09.29 09:27,4140.9,4141.71,4140.75,4141.41,245
2026.09.29 09:28,4141.44,4141.6,4140.11,4140.62,244
2026.09.29 09:29,4140.6,4142.81,4140.17,4141.99,322
2026.09.29 09:30,4142.01,4142.48,4140.23,4140.42,301
2026.09.29 09:31,4140.51,4142.02,4140.42,4141.09,237
2026.09.29 09:32,4141.18,4141.68,4140.51,4141.23,229
2026.09.29 09:33,4141.3,4141.47,4139.35,4140.08,252
2026.09.29 09:34,4140.06,4140.06,4137.92,4138.08,229
2026.09.29 09:35,4138.07,4139.25,4138.01,4138.85,219
2026.09.29 09:36,4138.94,4139.35,4138.31,4139.3,208
2026.09.29 09:37,4139.34,4139.36,4138.14,4138.99,174
2026.09.29 09:38,4139.0,4139.73,4138.89,4139.56,180
2026.09.29 09:39,4139.47,4141.29,4139.33,4140.41,208
2026.09.29 09:40,4140.42,4140.47,4138.64,4139.03,201
2026.09.29 09:41,4139.07,4139.85,4138.85,4139.73,202
2026.09.29 09:42,4139.8,4139.84,4138.83,4139.03,205
2026.09.29 09:43,4139.05,4139.87,4138.99,4139.52,150
2026.09.29 09:44,4139.53,4140.12,4139.12,4140.08,177
2026.09.29 09:45,4140.06,4140.06,4138.86,4139.31,234
2026.09.29 09:46,4139.3,4139.87,4139.09,4139.66,204
2026.09.29 09:47,4139.72,4140.46,4139.53,4140.42,137
2026.09.29 09:48,4140.4,4142.03,4140.11,4141.72,190
2026.09.29 09:49,4141.7,4141.91,4140.83,4141.16,178
2026.09.29 09:50,4141.17,4141.46,4140.06,4140.84,198
2026.09.29 09:51,4140.79,4141.7,4140.6,4140.62,227
2026.09.29 09:52,4140.57,4140.61,4139.79,4140.22,209
2026.09.29 09:53,4140.21,4141.05,4139.75,4140.06,244
2026.09.29 09:54,4140.05,4140.34,4139.69,4140.08,181
2026.09.29 09:55,4139.94,4140.73,4139.75,4140.13,190
2026.09.29 09:56,4140.16,4141.25,4139.87,4139.87,166
2026.09.29 09:57,4139.9,4140.17,4137.88,4138.02,192
2026.09.29 09:58,4137.96,4138.63,4137.73,4138.02,184
2026.09.29 09:59,4138.06,4140.44,4137.9,4139.5,267
2026.09.29 10:00,4139.58,4141.12,4139.08,4140.39,263
2026.09.29 10:01,4140.38,4141.61,4140.38,4141.35,208
2026.09.29 10:02,4141.31,4142.93,4141.27,4142.05,285
2026.09.29 10:03,4142.02,4142.55,4141.51,4142.4,272
2026.09.29 10:04,4142.36,4144.13,4142.1,4144.13,241
2026.09.29 10:05,4144.14,4144.98,4143.61,4144.11,211
2026.09.29 10:06,4144.1,4144.39,4143.04,4143.05,223
2026.09.29 10:07,4143.13,4143.17,4140.62,4141.15,245
2026.09.29 10:08,4141.17,4142.26,4140.69,4142.12,221
2026.09.29 10:09,4142.14,4142.17,4141.32,4141.84,166
2026.09.29 10:10,4141.83,4142.71,4141.38,4142.19,218
2026.09.29 10:11,4142.18,4142.63,4141.66,4142.07,221
2026.09.29 10:12,4142.1,4143.01,4141.58,4141.61,231
2026.09.29 10:13,4141.63,4141.79,4140.1,4140.41,243
2026.09.29 10:14,4140.4,4141.01,4139.85,4140.3,320
2026.09.29 10:15,4140.43,4140.89,4139.83,4140.69,278
2026.09.29 10:16,4140.71,4142.45,4140.45,4141.78,252
2026.09.29 10:17,4141.88,4142.38,4141.72,4142.38,170
2026.09.29 10:18,4142.3,4143.17,4141.9,4142.73,194
2026.09.29 10:19,4142.7,4143.23,4142.2,4143.22,201
2026.09.29 10:20,4143.15,4143.76,4142.21,4143.38,211
2026.09.29 10:21,4143.33,4143.51,4142.48,4142.98,200
2026.09.29 10:22,4142.97,4143.44,4142.8,4142.97,156
2026.09.29 10:23,4142.95,4142.97,4141.01,4141.07,207
2026.09.29 10:24,4140.99,4141.54,4140.78,4141.07,185
2026.09.29 10:25,4141.15,4141.48,4140.5,4140.99,222
2026.09.29 10:26,4140.89,4141.26,4140.21,4140.78,191
2026.09.29 10:27,4140.83,4141.49,4140.23,4141.24,202
2026.09.29 10:28,4141.1,4142.06,4140.94,4142.02,160
2026.09.29 10:29,4142.04,4142.11,4140.28,4140.33,204
2026.09.29 10:30,4140.39,4141.44,4139.64,4141.12,299
2026.09.29 10:31,4141.08,4141.36,4139.87,4140.91,236
2026.09.29 10:32,4140.98,4142.23,4139.27,4139.93,284
2026.09.29 10:33,4139.83,4140.53,4139.46,4140.37,214
2026.09.29 10:34,4140.28,4141.2,4139.77,4140.71,219
2026.09.29 10:35,4140.77,4141.99,4140.22,4141.2,180
2026.09.29 10:36,4141.25,4141.83,4140.09,4140.13,245
2026.09.29 10:37,4140.12,4141.89,4140.06,4141.89,194
2026.09.29 10:38,4141.93,4142.15,4141.36,4141.72,191
2026.09.29 10:39,4141.88,4142.11,4141.03,4141.3,188
2026.09.29 10:40,4141.27,4143.46,4140.97,4143.38,243
2026.09.29 10:41,4143.46,4143.7,4142.22,4142.46,238
2026.09.29 10:42,4142.44,4143.03,4141.76,4143.03,221
2026.09.29 10:43,4143.04,4145.31,4142.86,4145.09,263
2026.09.29 10:44,4145.1,4146.14,4144.66,4145.51,277
2026.09.29 10:45,4145.49,4146.27,4145.32,4146.06,267
2026.09.29 10:46,4146.13,4147.3,4145.77,4147.09,228
2026.09.29 10:47,4147.13,4148.58,4144.82,4146.26,260
2026.09.29 10:48,4146.23,4147.53,4146.23,4146.87,318
2026.09.29 10:49,4146.85,4147.07,4145.39,4145.39,226
2026.09.29 10:50,4145.38,4146.04,4145.2,4145.69,206
2026.09.29 10:51,4145.61,4145.99,4144.69,4144.69,241
2026.09.29 10:52,4144.65,4144.66,4142.47,4142.58,252
2026.09.29 10:53,4142.53,4144.55,4142.01,4144.52,231
2026.09.29 10:54,4144.51,4147.74,4144.51,4146.08,355
2026.09.29 10:55,4146.25,4147.99,4145.66,4146.35,354
2026.09.29 10:56,4146.34,4146.4,4144.11,4145.6,263
2026.09.29 10:57,4145.61,4147.79,4145.47,4145.83,239
2026.09.29 10:58,4145.76,4146.16,4145.01,4145.51,247
2026.09.29 10:59,4145.52,4146.07,4145.15,4145.67,247
2026.09.29 11:00,4145.64,4146.24,4144.97,4145.14,316
2026.09.29 11:01,4145.11,4145.97,4144.3,4145.96,248
2026.09.29 11:02,4145.81,4146.29,4143.74,4143.83,265
2026.09.29 11:03,4143.84,4145.01,4143.07,4144.97,236
2026.09.29 11:04,4145.01,4145.96,4144.9,4145.96,239
2026.09.29 11:05,4145.95,4147.69,4145.83,4147.02,233
2026.09.29 11:06,4146.97,4149.11,4146.96,4149.0,228
2026.09.29 11:07,4149.01,4149.51,4148.3,4149.39,197
2026.09.29 11:08,4149.44,4150.08,4148.72,4149.12,231
2026.09.29 11:09,4149.06,4150.76,4149.0,4149.98,262
2026.09.29 11:10,4149.91,4150.55,4149.22,4149.7,242
2026.09.29 11:11,4149.78,4150.1,4149.45,4150.0,161
2026.09.29 11:12,4150.13,4150.44,4148.86,4149.98,188
2026.09.29 11:13,4150.0,4150.17,4149.11,4149.47,191
2026.09.29 11:14,4149.49,4149.76,4148.74,4149.0,182
2026.09.29 11:15,4149.08,4149.12,4147.79,4148.45,263
2026.09.29 11:16,4148.43,4149.0,4148.32,4148.74,203
2026.09.29 11:17,4148.73,4149.6,4148.22,4148.94,256
2026.09.29 11:18,4149.01,4149.47,4147.91,4149.39,227
2026.09.29 11:19,4149.4,4149.64,4148.24,4148.58,207
2026.09.29 11:20,4148.53,4149.05,4148.05,4148.22,172
2026.09.29 11:21,4148.19,4148.51,4147.84,4148.36,212
2026.09.29 11:22,4148.34,4148.72,4146.98,4147.43,172
2026.09.29 11:23,4147.44,4147.67,4147.12,4147.13,173
2026.09.29 11:24,4147.15,4148.87,4147.13,4148.33,181
2026.09.29 11:25,4148.29,4149.28,4148.16,4149.1,197
2026.09.29 11:26,4149.11,4149.28,4148.63,4148.72,184
2026.09.29 11:27,4148.73,4149.43,4148.07,4148.08,176
2026.09.29 11:28,4148.12,4148.34,4147.61,4148.1,168
2026.09.29 11:29,4148.09,4150.11,4147.98,4149.92,216
2026.09.29 11:30,4149.91,4151.08,4149.72,4150.02,226
2026.09.29 11:31,4150.03,4150.66,4148.6,4149.41,220
2026.09.29 11:32,4149.35,4150.43,4148.09,4148.83,330
2026.09.29 11:33,4148.82,4149.7,4148.22,4148.67,222
2026.09.29 11:34,4148.84,4148.93,4147.62,4147.83,160
2026.09.29 11:35,4147.79,4148.66,4147.41,4147.94,193
2026.09.29 11:36,4147.92,4149.36,4147.39,4149.36,180
2026.09.29 11:37,4149.35,4149.68,4148.21,4148.59,209
2026.09.29 11:38,4148.6,4148.97,4148.29,4148.38,175
2026.09.29 11:39,4148.48,4149.52,4147.99,4149.52,198
2026.09.29 11:40,4149.5,4149.55,4148.72,4149.25,191
2026.09.29 11:41,4149.26,4149.64,4148.59,4148.78,166
2026.09.29 11:42,4148.74,4149.3,4148.57,4148.76,160
2026.09.29 11:43,4148.73,4149.11,4148.07,4149.04,151
2026.09.29 11:44,4149.0,4150.97,4149.0,4150.93,140
2026.09.29 11:45,4151.0,4151.7,4149.85,4151.35,174
2026.09.29 11:46,4151.34,4152.42,4151.03,4152.33,277
2026.09.29 11:47,4152.19,4152.21,4150.78,4151.56,161
2026.09.29 11:48,4151.61,4151.89,4150.74,4151.29,190
2026.09.29 11:49,4151.27,4152.5,4150.7,4152.4,234
2026.09.29 11:50,4152.41,4152.49,4151.12,4151.19,231
2026.09.29 11:51,4151.28,4151.97,4151.27,4151.71,207
2026.09.29 11:52,4151.73,4152.46,4151.55,4152.34,209
2026.09.29 11:53,4152.31,4152.64,4151.7,4151.76,203
2026.09.29 11:54,4151.78,4152.01,4151.32,4151.36,197
2026.09.29 11:55,4151.33,4152.05,4150.67,4151.83,237
2026.09.29 11:56,4151.81,4152.87,4151.52,4152.5,222
2026.09.29 11:57,4152.53,4153.95,4152.5,4153.95,190
2026.09.29 11:58,4153.97,4154.75,4153.67,4154.31,195
2026.09.29 11:59,4154.32,4154.32,4153.18,4153.59,220
2026.09.29 12:00,4153.6,4154.41,4152.6,4154.04,285
2026.09.29 12:01,4154.13,4155.19,4153.89,4154.89,255
2026.09.29 12:02,4154.87,4155.2,4154.3,4154.92,216
2026.09.29 12:03,4154.9,4156.48,4153.55,4155.3,241
2026.09.29 12:04,4155.27,4155.29,4152.86,4154.15,330
2026.09.29 12:05,4154.22,4155.9,4154.12,4155.77,248
2026.09.29 12:06,4155.78,4156.48,4154.51,4155.13,256
2026.09.29 12:07,4155.12,4155.12,4153.75,4154.36,222
2026.09.29 12:08,4154.42,4155.53,4154.33,4155.34,236
2026.09.29 12:09,4155.32,4155.75,4154.99,4155.75,256
2026.09.29 12:10,4155.82,4155.82,4154.62,4155.32,276
2026.09.29 12:11,4155.22,4155.71,4154.76,4154.85,237
2026.09.29 12:12,4154.84,4155.43,4154.67,4154.81,191
2026.09.29 12:13,4154.8,4154.98,4154.17,4154.84,225
2026.09.29 12:14,4154.92,4156.85,4154.49,4156.85,214
2026.09.29 12:15,4156.87,4157.42,4156.52,4156.68,240
2026.09.29 12:16,4156.74,4157.77,4156.33,4157.42,258
2026.09.29 12:17,4157.32,4157.85,4157.08,4157.68,213
2026.09.29 12:18,4157.66,4157.76,4157.14,4157.37,194
2026.09.29 12:19,4157.34,4157.61,4156.76,4156.88,201
2026.09.29 12:20,4156.82,4158.48,4156.38,4158.48,174
2026.09.29 12:21,4158.47,4159.02,4158.29,4158.45,196
2026.09.29 12:22,4158.46,4159.18,4158.28,4159.11,211
2026.09.29 12:23,4159.17,4160.19,4159.03,4160.15,203
2026.09.29 12:24,4160.25,4160.74,4159.95,4160.54,159
2026.09.29 12:25,4160.48,4160.91,4160.18,4160.53,187
2026.09.29 12:26,4160.51,4160.8,4160.08,4160.32,202
2026.09.29 12:27,4160.43,4160.94,4159.68,4160.94,211
2026.09.29 12:28,4161.02,4161.28,4159.65,4159.84,244
2026.09.29 12:29,4159.85,4159.9,4158.87,4159.63,194
2026.09.29 12:30,4159.62,4159.67,4157.62,4157.94,211
2026.09.29 12:31,4157.86,4157.93,4157.27,4157.33,198
2026.09.29 12:32,4157.41,4159.34,4157.21,4159.11,281
2026.09.29 12:33,4159.13,4159.75,4158.32,4158.75,256
2026.09.29 12:34,4158.74,4158.79,4158.24,4158.72,183
2026.09.29 12:35,4158.7,4159.4,4158.23,4158.54,208
2026.09.29 12:36,4158.55,4158.57,4157.87,4158.1,166
2026.09.29 12:37,4158.09,4158.44,4157.2,4157.38,208
2026.09.29 12:38,4157.42,4157.74,4156.17,4156.17,158
2026.09.29 12:39,4156.18,4157.29,4156.18,4156.57,163
2026.09.29 12:40,4156.56,4157.39,4156.33,4156.49,220
2026.09.29 12:41,4156.57,4156.57,4154.31,4154.39,248
2026.09.29 12:42,4154.41,4154.55,4151.08,4151.68,283
2026.09.29 12:43,4151.69,4152.28,4151.51,4152.2,227
2026.09.29 12:44,4152.23,4152.23,4151.28,4151.83,221
2026.09.29 12:45,4151.81,4152.2,4150.19,4151.18,207
2026.09.29 12:46,4151.23,4151.33,4150.52,4151.11,240
2026.09.29 12:47,4151.0,4151.56,4150.73,4150.94,245
2026.09.29 12:48,4150.86,4151.53,4150.35,4151.29,265
2026.09.29 12:49,4151.22,4158.55,4149.86,4157.88,376
2026.09.29 12:50,4157.78,4160.74,4155.29,4158.36,499
2026.09.29 12:51,4158.38,4158.41,4154.19,4154.69,426
2026.09.29 12:52,4154.74,4157.7,4154.74,4157.0,347
2026.09.29 12:53,4157.05,4158.54,4156.09,4156.09,297
2026.09.29 12:54,4156.14,4156.31,4153.87,4154.89,292
2026.09.29 12:55,4154.86,4156.09,4154.64,4155.66,286
2026.09.29 12:56,4155.48,4155.81,4154.61,4154.62,230
2026.09.29 12:57,4154.6,4154.68,4153.0,4153.23,255
2026.09.29 12:58,4153.36,4154.17,4153.02,4153.51,229
2026.09.29 12:59,4153.56,4153.91,4153.32,4153.54,207
2026.09.29 13:00,4153.49,4154.4,4153.01,4154.21,258
2026.09.29 13:01,4154.16,4156.44,4154.08,4156.17,367
2026.09.29 13:02,4156.08,4156.51,4155.71,4156.14,254
2026.09.29 13:03,4156.15,4156.17,4154.16,4155.84,262
2026.09.29 13:04,4155.86,4158.72,4155.83,4157.8,335
2026.09.29 13:05,4157.7,4157.75,4156.12,4156.34,261
2026.09.29 13:06,4156.38,4156.64,4155.08,4155.86,272
2026.09.29 13:07,4155.83,4156.4,4154.14,4154.55,291
2026.09.29 13:08,4154.57,4155.01,4153.71,4154.51,250
2026.09.29 13:09,4154.53,4155.97,4153.74,4153.85,269
2026.09.29 13:10,4153.94,4154.9,4153.66,4153.81,220
2026.09.29 13:11,4153.82,4153.82,4151.53,4151.6,202
2026.09.29 13:12,4151.62,4152.32,4151.14,4151.76,244
2026.09.29 13:13,4151.74,4154.35,4150.83,4152.73,250
2026.09.29 13:14,4152.69,4153.27,4151.82,4152.7,284
2026.09.29 13:15,4152.74,4155.8,4152.74,4155.73,338
2026.09.29 13:16,4155.74,4156.87,4155.48,4156.87,251
2026.09.29 13:17,4156.89,4156.89,4154.14,4154.35,265
2026.09.29 13:18,4154.27,4154.46,4153.52,4153.82,268
2026.09.29 13:19,4153.8,4153.92,4151.51,4152.52,306
2026.09.29 13:20,4152.48,4153.58,4150.84,4152.54,305
2026.09.29 13:21,4152.82,4153.17,4151.99,4152.63,287
2026.09.29 13:22,4152.46,4152.5,4149.9,4150.23,259
2026.09.29 13:23,4150.27,4150.54,4149.26,4149.46,265
2026.09.29 13:24,4149.4,4150.23,4148.64,4150.2,303
2026.09.29 13:25,4150.27,4153.44,4150.18,4152.36,353
2026.09.29 13:26,4152.32,4153.26,4151.04,4152.6,331
2026.09.29 13:27,4152.59,4153.78,4151.48,4151.88,309
2026.09.29 13:28,4151.84,4152.9,4151.41,4152.31,263
2026.09.29 13:29,4152.3,4155.03,4152.3,4154.95,209
2026.09.29 13:30,4154.94,4155.73,4154.02,4154.42,290
2026.09.29 13:31,4154.51,4155.49,4154.24,4154.95,268
2026.09.29 13:32,4155.09,4158.82,4154.8,4158.55,332
2026.09.29 13:33,4158.35,4158.68,4155.16,4155.86,331
2026.09.29 13:34,4155.87,4157.04,4155.58,4156.5,267
2026.09.29 13:35,4156.54,4156.9,4155.01,4156.2,285
2026.09.29 13:36,4156.17,4156.74,4155.23,4155.39,272
2026.09.29 13:37,4155.48,4156.39,4154.95,4156.19,269
2026.09.29 13:38,4156.2,4156.63,4155.18,4155.2,272
2026.09.29 13:39,4155.37,4155.41,4151.94,4152.14,263
2026.09.29 13:40,4152.17,4153.91,4151.19,4153.84,301
2026.09.29 13:41,4153.91,4155.1,4152.88,4154.49,314
2026.09.29 13:42,4154.36,4155.19,4153.89,4154.62,237
2026.09.29 13:43,4154.59,4156.03,4154.5,4156.01,229
2026.09.29 13:44,4155.91,4157.91,4154.07,4156.78,346
2026.09.29 13:45,4156.77,4156.88,4152.42,4152.49,309
2026.09.29 13:46,4152.48,4153.59,4151.86,4152.17,263
2026.09.29 13:47,4152.18,4153.34,4152.16,4152.46,237
2026.09.29 13:48,4152.47,4155.41,4152.2,4155.28,248
2026.09.29 13:49,4155.17,4155.25,4153.78,4154.42,323
2026.09.29 13:50,4154.48,4156.07,4154.24,4155.11,282
2026.09.29 13:51,4155.16,4155.68,4154.11,4154.87,266
2026.09.29 13:52,4154.88,4155.4,4152.44,4152.44,254
2026.09.29 13:53,4152.45,4152.61,4150.87,4151.71,298
2026.09.29 13:54,4151.77,4152.81,4151.54,4151.8,273
2026.09.29 13:55,4151.89,4153.09,4151.47,4152.49,239
2026.09.29 13:56,4152.48,4152.69,4151.64,4152.37,243
2026.09.29 13:57,4152.41,4152.42,4150.34,4150.54,272
2026.09.29 13:58,4150.55,4150.59,4149.54,4150.01,195
2026.09.29 13:59,4149.94,4152.24,4149.88,4151.09,309
2026.09.29 14:00,4151.17,4154.42,4150.75,4152.61,473
2026.09.29 14:01,4152.6,4152.98,4151.17,4151.3,403
2026.09.29 14:02,4151.29,4153.41,4150.65,4152.71,358
2026.09.29 14:03,4152.7,4154.93,4152.7,4153.54,341
2026.09.29 14:04,4153.56,4154.97,4153.44,4154.49,337
2026.09.29 14:05,4154.51,4155.85,4153.27,4155.65,319
2026.09.29 14:06,4155.69,4156.12,4155.1,4156.07,334
2026.09.29 14:07,4156.03,4158.42,4155.95,4157.83,323
2026.09.29 14:08,4157.76,4159.34,4156.66,4159.07,334
2026.09.29 14:09,4159.06,4159.45,4158.08,4158.24,326
2026.09.29 14:10,4158.27,4158.98,4156.68,4156.99,290
2026.09.29 14:11,4157.05,4157.39,4155.93,4156.49,297
2026.09.29 14:12,4156.52,4157.52,4155.95,4157.46,265
2026.09.29 14:13,4157.5,4157.58,4155.53,4156.3,269
2026.09.29 14:14,4156.33,4159.26,4156.06,4159.16,339
2026.09.29 14:15,4159.21,4159.89,4156.82,4157.85,329
2026.09.29 14:16,4157.88,4159.68,4157.66,4159.28,306
2026.09.29 14:17,4159.24,4159.24,4157.56,4158.55,288
2026.09.29 14:18,4158.48,4159.62,4156.29,4156.58,332
2026.09.29 14:19,4156.77,4158.57,4156.68,4158.57,299
2026.09.29 14:20,4158.59,4159.04,4157.73,4157.92,313
2026.09.29 14:21,4157.83,4158.24,4156.56,4157.71,317
2026.09.29 14:22,4157.66,4159.02,4156.87,4158.53,322
2026.09.29 14:23,4158.51,4159.09,4156.95,4158.8,311
2026.09.29 14:24,4158.81,4159.74,4158.54,4158.79,329
2026.09.29 14:25,4158.81,4159.13,4156.83,4156.83,297
2026.09.29 14:26,4156.78,4157.66,4155.3,4155.67,316
2026.09.29 14:27,4155.61,4156.57,4154.92,4156.46,301
2026.09.29 14:28,4156.38,4156.4,4154.95,4154.95,299
2026.09.29 14:29,4154.99,4155.99,4154.68,4155.12,260
2026.09.29 14:30,4155.19,4158.91,4153.67,4158.8,425
2026.09.29 14:31,4158.89,4160.37,4156.69,4156.9,420
2026.09.29 14:32,4156.94,4157.88,4154.08,4156.11,436
2026.09.29 14:33,4156.09,4156.2,4152.75,4154.1,409
2026.09.29 14:34,4154.22,4155.88,4152.89,4153.88,411
2026.09.29 14:35,4153.87,4158.66,4153.83,4157.2,429
2026.09.29 14:36,4157.15,4158.89,4156.19,4156.85,407
2026.09.29 14:37,4156.77,4161.98,4156.76,4161.02,420
2026.09.29 14:38,4161.0,4161.0,4157.99,4159.36,427
2026.09.29 14:39,4159.42,4160.14,4157.48,4159.6,415
2026.09.29 14:40,4159.62,4161.05,4159.07,4160.2,399
2026.09.29 14:41,4160.26,4163.03,4159.08,4162.98,409
2026.09.29 14:42,4163.02,4163.2,4159.94,4159.97,451
2026.09.29 14:43,4159.94,4160.69,4157.2,4157.2,400
2026.09.29 14:44,4157.16,4157.37,4153.75,4155.39,391
2026.09.29 14:45,4155.29,4156.21,4153.63,4156.07,435
2026.09.29 14:46,4156.06,4159.49,4156.04,4159.02,442
2026.09.29 14:47,4158.83,4162.82,4158.35,4160.26,415
2026.09.29 14:48,4160.24,4161.25,4157.66,4157.73,447
2026.09.29 14:49,4157.74,4158.75,4157.14,4158.62,385
2026.09.29 14:50,4158.61,4160.51,4158.36,4160.24,423
2026.09.29 14:51,4160.12,4161.7,4159.96,4160.99,385
2026.09.29 14:52,4160.98,4161.95,4159.48,4161.51,385
2026.09.29 14:53,4161.63,4164.37,4160.79,4161.89,395
2026.09.29 14:54,4161.93,4162.11,4160.97,4161.99,353
2026.09.29 14:55,4161.98,4162.26,4160.78,4161.39,362
2026.09.29 14:56,4161.42,4161.78,4160.25,4160.65,277
2026.09.29 14:57,4160.75,4160.86,4158.67,4159.61,294
2026.09.29 14:58,4159.6,4159.94,4158.42,4158.42,206
2026.09.29 14:59,4158.46,4158.55,4157.12,4157.67,256
2026.09.29 15:00,4157.69,4165.63,4157.5,4163.6,522
2026.09.29 15:01,4163.59,4165.35,4162.07,4162.14,428
2026.09.29 15:02,4162.08,4163.97,4161.31,4163.46,423
2026.09.29 15:03,4163.49,4164.51,4162.92,4164.49,415
2026.09.29 15:04,4164.5,4165.42,4163.73,4165.18,398
2026.09.29 15:05,4165.13,4168.16,4164.97,4165.87,439
2026.09.29 15:06,4165.9,4167.06,4165.08,4166.73,415
2026.09.29 15:07,4166.74,4167.3,4164.65,4165.91,380
2026.09.29 15:08,4165.9,4169.23,4165.9,4168.86,376
2026.09.29 15:09,4168.85,4168.88,4167.08,4167.88,400
2026.09.29 15:10,4167.83,4167.88,4166.19,4166.63,391
2026.09.29 15:11,4166.58,4167.06,4165.76,4166.28,364
2026.09.29 15:12,4166.27,4166.28,4164.94,4165.7,343
2026.09.29 15:13,4165.69,4167.15,4165.28,4165.44,360
2026.09.29 15:14,4165.39,4167.36,4165.07,4166.35,369
2026.09.29 15:15,4166.31,4167.45,4165.41,4166.22,404
2026.09.29 15:16,4166.21,4168.04,4166.21,4166.49,421
2026.09.29 15:17,4166.46,4168.29,4166.34,4168.13,381
2026.09.29 15:18,4167.98,4170.97,4166.54,4170.78,386
2026.09.29 15:19,4170.74,4172.06,4170.23,4170.35,371
2026.09.29 15:20,4170.36,4171.35,4167.92,4168.31,436
2026.09.29 15:21,4168.35,4174.86,4168.22,4174.6,456
2026.09.29 15:22,4174.58,4175.06,4173.32,4173.48,372
2026.09.29 15:23,4173.53,4174.6,4172.74,4173.84,397
2026.09.29 15:24,4173.85,4174.87,4171.44,4174.53,370
2026.09.29 15:25,4174.51,4174.94,4172.29,4173.07,399
2026.09.29 15:26,4172.99,4173.44,4172.03,4173.32,304
2026.09.29 15:27,4173.35,4174.93,4173.31,4173.37,304
2026.09.29 15:28,4173.36,4173.8,4172.72,4172.72,301
2026.09.29 15:29,4172.69,4172.69,4171.78,4172.63,288
2026.09.29 15:30,4172.74,4174.67,4171.92,4173.8,381
2026.09.29 15:31,4173.72,4173.72,4171.55,4172.25,381
2026.09.29 15:32,4172.24,4172.55,4169.56,4169.89,357
2026.09.29 15:33,4169.88,4170.06,4167.83,4168.22,322
2026.09.29 15:34,4168.19,4168.75,4167.85,4168.15,324
2026.09.29 15:35,4168.16,4169.09,4166.96,4167.99,387
2026.09.29 15:36,4167.98,4168.08,4164.99,4164.99,381
2026.09.29 15:37,4165.01,4165.11,4162.85,4163.46,323
2026.09.29 15:38,4163.57,4164.76,4163.0,4164.72,325
2026.09.29 15:39,4164.69,4165.28,4164.02,4164.92,353
2026.09.29 15:40,4164.96,4168.61,4164.91,4165.97,435
2026.09.29 15:41,4166.14,4168.73,4165.01,4167.32,418
2026.09.29 15:42,4167.24,4170.7,4166.41,4169.31,407
2026.09.29 15:43,4169.34,4169.68,4167.09,4167.22,345
2026.09.29 15:44,4167.1,4167.93,4166.4,4167.4,307
2026.09.29 15:45,4167.42,4167.84,4164.99,4165.03,345
2026.09.29 15:46,4164.98,4165.75,4163.61,4163.88,344
2026.09.29 15:47,4163.85,4164.34,4162.68,4163.28,349
2026.09.29 15:48,4163.24,4165.64,4163.22,4164.23,401
2026.09.29 15:49,4164.19,4164.53,4163.06,4164.29,337
2026.09.29 15:50,4164.31,4166.03,4163.96,4165.67,378
2026.09.29 15:51,4165.61,4169.15,4165.2,4168.28,355
2026.09.29 15:52,4168.31,4168.31,4166.61,4167.36,323
2026.09.29 15:53,4167.35,4168.12,4165.79,4167.41,335
2026.09.29 15:54,4167.42,4168.07,4166.39,4167.91,356
2026.09.29 15:55,4167.88,4167.96,4166.32,4166.44,308
2026.09.29 15:56,4166.45,4169.01,4166.22,4168.78,354
2026.09.29 15:57,4168.79,4172.33,4168.79,4172.05,390
2026.09.29 15:58,4172.03,4172.4,4170.69,4170.79,342
2026.09.29 15:59,4170.85,4172.03,4169.71,4170.48,360
2026.09.29 16:00,4170.51,4170.58,4168.82,4169.29,422
2026.09.29 16:01,4169.3,4169.4,4166.81,4169.24,367
2026.09.29 16:02,4169.23,4169.24,4167.4,4168.67,364
2026.09.29 16:03,4168.58,4169.35,4167.36,4169.25,342
2026.09.29 16:04,4169.31,4169.82,4168.21,4168.26,345
2026.09.29 16:05,4168.24,4168.41,4166.78,4167.17,352
2026.09.29 16:06,4167.13,4167.48,4165.77,4166.14,321
2026.09.29 16:07,4166.17,4166.98,4165.33,4165.85,326
2026.09.29 16:08,4165.79,4165.79,4163.32,4163.83,334
2026.09.29 16:09,4163.92,4164.46,4163.01,4163.61,322
2026.09.29 16:10,4163.62,4165.44,4163.53,4163.59,329
2026.09.29 16:11,4163.55,4163.55,4161.93,4162.64,358
2026.09.29 16:12,4162.65,4163.04,4161.07,4162.0,371
2026.09.29 16:13,4162.03,4162.63,4161.07,4161.82,363
2026.09.29 16:14,4161.81,4162.61,4160.84,4162.16,314
2026.09.29 16:15,4162.18,4162.77,4160.53,4161.48,344
2026.09.29 16:16,4161.47,4162.92,4161.35,4162.09,326
2026.09.29 16:17,4162.11,4162.3,4161.19,4161.52,333
2026.09.29 16:18,4161.53,4161.58,4160.28,4160.74,360
2026.09.29 16:19,4160.91,4161.09,4159.52,4159.88,337
2026.09.29 16:20,4159.89,4160.45,4159.13,4159.13,278
2026.09.29 16:21,4159.31,4159.56,4158.28,4158.82,336
2026.09.29 16:22,4158.78,4159.8,4155.99,4156.41,332
2026.09.29 16:23,4156.39,4156.39,4154.11,4155.0,342
2026.09.29 16:24,4155.07,4156.94,4153.91,4156.75,367
2026.09.29 16:25,4156.72,4157.2,4155.07,4155.54,361
2026.09.29 16:26,4155.65,4156.27,4151.97,4152.01,355
2026.09.29 16:27,4151.96,4152.14,4150.74,4151.29,368
2026.09.29 16:28,4151.28,4151.72,4149.49,4149.55,380
2026.09.29 16:29,4149.53,4152.75,4148.28,4152.63,388
2026.09.29 16:30,4152.64,4154.08,4150.97,4150.97,430
2026.09.29 16:31,4150.96,4153.58,4150.92,4152.89,364
2026.09.29 16:32,4152.79,4154.91,4152.73,4154.47,369
2026.09.29 16:33,4154.46,4156.19,4154.23,4155.88,358
2026.09.29 16:34,4155.89,4158.17,4155.63,4157.49,363
2026.09.29 16:35,4157.51,4159.19,4157.2,4157.44,352
2026.09.29 16:36,4157.35,4158.32,4156.18,4156.76,351
2026.09.29 16:37,4156.69,4157.43,4156.26,4157.06,290
2026.09.29 16:38,4157.07,4157.38,4155.88,4157.16,316
2026.09.29 16:39,4157.18,4158.09,4156.26,4157.45,314
2026.09.29 16:40,4157.54,4157.96,4156.76,4157.19,280
2026.09.29 16:41,4157.17,4157.36,4154.87,4155.11,355
2026.09.29 16:42,4155.12,4155.64,4154.49,4154.65,297
2026.09.29 16:43,4154.63,4155.11,4153.88,4154.93,285
2026.09.29 16:44,4154.78,4155.56,4154.11,4155.56,284
2026.09.29 16:45,4155.75,4156.71,4155.75,4155.97,319
2026.09.29 16:46,4155.98,4157.24,4154.94,4155.23,326
2026.09.29 16:47,4155.24,4161.9,4154.97,4160.9,489
2026.09.29 16:48,4160.75,4160.75,4156.08,4158.93,488
2026.09.29 16:49,4158.92,4160.55,4158.43,4159.22,446
2026.09.29 16:50,4159.25,4159.69,4157.25,4157.49,389
2026.09.29 16:51,4157.47,4158.35,4156.81,4157.11,355
2026.09.29 16:52,4157.12,4158.67,4157.01,4157.1,356
2026.09.29 16:53,4157.03,4157.81,4155.32,4155.47,306
2026.09.29 16:54,4155.46,4156.63,4153.72,4155.62,387
2026.09.29 16:55,4155.6,4155.82,4154.63,4154.68,360
2026.09.29 16:56,4154.66,4157.26,4154.64,4157.12,326
2026.09.29 16:57,4157.11,4157.8,4157.0,4157.8,326
2026.09.29 16:58,4157.83,4158.91,4156.84,4156.86,307
2026.09.29 16:59,4156.87,4158.26,4155.24,4158.23,302
2026.09.29 17:00,4158.18,4158.87,4155.82,4156.11,362
2026.09.29 17:01,4156.1,4157.02,4155.37,4155.95,328
2026.09.29 17:02,4155.9,4156.0,4154.93,4155.87,291
2026.09.29 17:03,4155.88,4155.88,4154.41,4154.67,307
2026.09.29 17:04,4154.74,4155.01,4152.81,4153.18,302
2026.09.29 17:05,4153.15,4153.31,4151.15,4151.15,275
2026.09.29 17:06,4151.14,4152.27,4150.81,4151.97,284
2026.09.29 17:07,4151.91,4152.1,4150.76,4151.5,279
2026.09.29 17:08,4151.52,4151.98,4150.96,4151.97,280
2026.09.29 17:09,4151.96,4152.49,4151.17,4152.17,305
2026.09.29 17:10,4152.18,4152.96,4151.31,4151.93,338
2026.09.29 17:11,4152.02,4153.82,4152.02,4153.6,284
2026.09.29 17:12,4153.58,4153.92,4152.7,4152.7,279
2026.09.29 17:13,4152.65,4153.23,4152.12,4152.3,252
2026.09.29 17:14,4152.32,4152.32,4150.44,4150.47,249
2026.09.29 17:15,4150.49,4152.37,4150.45,4152.1,273
2026.09.29 17:16,4152.13,4152.62,4150.99,4151.55,293
2026.09.29 17:17,4151.54,4152.07,4151.16,4151.17,251
2026.09.29 17:18,4151.24,4151.49,4149.72,4150.3,272
2026.09.29 17:19,4150.31,4151.16,4149.92,4150.86,300
2026.09.29 17:20,4150.91,4151.87,4150.62,4150.62,255
2026.09.29 17:21,4150.63,4151.94,4149.53,4149.76,308
2026.09.29 17:22,4149.85,4151.27,4149.58,4150.52,268
2026.09.29 17:23,4150.53,4152.41,4150.48,4152.36,266
2026.09.29 17:24,4152.33,4152.64,4151.85,4151.88,257
2026.09.29 17:25,4151.86,4153.32,4151.84,4153.19,239
2026.09.29 17:26,4153.16,4153.84,4152.2,4153.59,248
2026.09.29 17:27,4153.45,4153.77,4152.88,4153.41,249
2026.09.29 17:28,4153.44,4154.58,4153.25,4154.26,235
2026.09.29 17:29,4154.28,4154.28,4153.11,4153.55,225
2026.09.29 17:30,4153.51,4154.02,4152.35,4152.92,270
2026.09.29 17:31,4152.84,4153.83,4152.6,4153.31,237
2026.09.29 17:32,4153.32,4153.84,4152.92,4153.18,275
2026.09.29 17:33,4153.21,4153.94,4152.65,4153.6,264
2026.09.29 17:34,4153.61,4153.77,4153.05,4153.53,221
2026.09.29 17:35,4153.56,4154.99,4153.54,4153.64,236
2026.09.29 17:36,4153.69,4155.04,4153.61,4154.83,252
2026.09.29 17:37,4154.84,4154.84,4153.94,4153.98,227
2026.09.29 17:38,4153.99,4154.17,4153.26,4153.6,215
2026.09.29 17:39,4153.64,4153.64,4151.47,4152.75,224
2026.09.29 17:40,4152.78,4152.96,4151.87,4152.13,265
2026.09.29 17:41,4152.14,4152.78,4151.83,4151.84,232
2026.09.29 17:42,4151.85,4152.23,4151.02,4151.56,236
2026.09.29 17:43,4151.57,4151.64,4149.99,4150.0,259
2026.09.29 17:44,4150.03,4150.16,4147.56,4147.56,325
2026.09.29 17:45,4147.58,4147.58,4144.73,4145.41,394
2026.09.29 17:46,4145.4,4146.74,4145.26,4146.44,402
2026.09.29 17:47,4146.48,4147.05,4146.28,4146.41,343
2026.09.29 17:48,4146.48,4148.66,4146.46,4148.53,302
2026.09.29 17:49,4148.58,4148.71,4147.53,4148.48,269
2026.09.29 17:50,4148.51,4149.98,4148.26,4149.41,300
2026.09.29 17:51,4149.32,4150.72,4149.3,4149.68,323
2026.09.29 17:52,4149.6,4150.1,4147.68,4148.05,242
2026.09.29 17:53,4148.08,4148.3,4147.24,4147.87,257
2026.09.29 17:54,4147.89,4148.31,4146.92,4147.43,253
2026.09.29 17:55,4147.45,4147.49,4145.32,4145.54,250
2026.09.29 17:56,4145.53,4145.78,4144.48,4144.96,247
2026.09.29 17:57,4144.97,4145.31,4144.58,4144.99,239
2026.09.29 17:58,4145.05,4145.31,4144.46,4145.15,273
2026.09.29 17:59,4145.21,4146.09,4144.75,4145.64,260
2026.09.29 18:00,4145.63,4145.81,4144.92,4145.06,276
2026.09.29 18:01,4145.16,4147.03,4144.98,4145.3,301
2026.09.29 18:02,4145.27,4146.12,4145.03,4145.11,298
2026.09.29 18:03,4145.15,4146.46,4144.44,4146.35,287
2026.09.29 18:04,4146.37,4147.55,4146.35,4147.32,228
2026.09.29 18:05,4147.25,4147.8,4146.7,4147.6,211
2026.09.29 18:06,4147.61,4147.88,4146.28,4146.28,247
2026.09.29 18:07,4146.26,4146.37,4144.89,4145.31,282
2026.09.29 18:08,4145.29,4145.32,4144.31,4144.7,229
2026.09.29 18:09,4144.67,4145.65,4144.66,4145.46,233
2026.09.29 18:10,4145.45,4146.57,4145.43,4146.48,236
2026.09.29 18:11,4146.49,4147.7,4146.32,4147.27,233
2026.09.29 18:12,4147.32,4148.07,4147.29,4147.6,197
2026.09.29 18:13,4147.56,4147.7,4146.69,4147.17,179
2026.09.29 18:14,4147.16,4147.58,4146.97,4147.31,223
2026.09.29 18:15,4147.24,4147.65,4146.22,4146.28,213
2026.09.29 18:16,4146.31,4147.3,4146.16,4147.13,272
2026.09.29 18:17,4147.09,4147.18,4146.19,4146.48,246
2026.09.29 18:18,4146.49,4147.26,4146.24,4146.85,217
2026.09.29 18:19,4146.82,4148.74,4146.55,4147.66,244
2026.09.29 18:20,4147.78,4148.2,4146.32,4146.4,309
2026.09.29 18:21,4146.43,4146.85,4145.86,4146.12,285
2026.09.29 18:22,4146.15,4147.73,4146.15,4147.72,227
2026.09.29 18:23,4147.71,4148.62,4147.2,4147.49,249
2026.09.29 18:24,4147.47,4148.01,4146.89,4147.81,275
2026.09.29 18:25,4147.78,4147.78,4146.24,4146.41,232
2026.09.29 18:26,4146.43,4147.46,4146.43,4147.43,223
2026.09.29 18:27,4147.35,4147.85,4146.9,4147.52,190
2026.09.29 18:28,4147.51,4147.51,4146.47,4147.02,228
2026.09.29 18:29,4147.04,4148.46,4146.23,4148.22,345
2026.09.29 18:30,4148.32,4148.62,4147.9,4148.13,258
2026.09.29 18:31,4148.14,4148.84,4147.12,4147.75,276
2026.09.29 18:32,4147.72,4148.27,4146.85,4148.26,234
2026.09.29 18:33,4148.25,4148.94,4146.66,4146.94,187
2026.09.29 18:34,4146.93,4147.84,4146.59,4147.73,198
2026.09.29 18:35,4147.7,4147.9,4146.9,4146.95,189
2026.09.29 18:36,4146.87,4147.69,4146.77,4147.48,218
2026.09.29 18:37,4147.49,4147.9,4146.83,4147.08,204
2026.09.29 18:38,4147.09,4147.2,4145.08,4145.08,210
2026.09.29 18:39,4145.06,4145.44,4144.9,4145.37,213
2026.09.29 18:40,4145.36,4145.47,4144.14,4144.56,246
2026.09.29 18:41,4144.61,4144.83,4143.75,4143.9,244
2026.09.29 18:42,4143.91,4145.13,4143.86,4145.04,224
2026.09.29 18:43,4145.05,4145.67,4144.21,4144.71,213
2026.09.29 18:44,4144.73,4145.73,4144.55,4145.06,207
2026.09.29 18:45,4145.14,4146.22,4145.02,4145.8,218
2026.09.29 18:46,4145.82,4147.64,4143.57,4143.6,311
2026.09.29 18:47,4143.62,4144.58,4143.4,4144.15,225
2026.09.29 18:48,4144.16,4145.27,4144.11,4144.64,204
2026.09.29 18:49,4144.59,4145.7,4144.35,4144.88,260
2026.09.29 18:50,4144.92,4146.33,4144.71,4146.05,252
2026.09.29 18:51,4146.06,4146.42,4145.73,4145.86,217
2026.09.29 18:52,4145.82,4146.0,4145.56,4145.6,216
2026.09.29 18:53,4145.64,4145.64,4143.6,4143.64,190
2026.09.29 18:54,4143.68,4143.76,4142.62,4142.93,192
2026.09.29 18:55,4142.92,4143.34,4142.6,4143.03,240
2026.09.29 18:56,4143.14,4143.6,4142.79,4143.27,188
2026.09.29 18:57,4143.25,4143.47,4142.66,4142.95,175
2026.09.29 18:58,4142.94,4143.22,4142.33,4143.18,215
2026.09.29 18:59,4143.09,4144.22,4143.05,4144.04,198
2026.09.29 19:00,4144.05,4157.75,4144.05,4157.75,536
2026.09.29 19:01,4157.78,4159.65,4155.32,4156.82,540
2026.09.29 19:02,4156.66,4163.52,4156.6,4163.52,521
2026.09.29 19:03,4163.53,4163.53,4156.96,4158.22,439
2026.09.29 19:04,4158.25,4163.75,4157.27,4163.12,472
2026.09.29 19:05,4163.1,4164.55,4161.82,4163.11,457
2026.09.29 19:06,4163.04,4164.09,4160.8,4163.03,433
2026.09.29 19:07,4163.08,4163.18,4157.38,4157.54,398
2026.09.29 19:08,4157.8,4160.35,4157.79,4159.65,396
2026.09.29 19:09,4159.66,4161.47,4156.04,4157.56,432
2026.09.29 19:10,4157.69,4161.74,4157.63,4161.63,433
2026.09.29 19:11,4161.68,4163.8,4160.82,4162.85,347
2026.09.29 19:12,4162.89,4164.31,4162.47,4163.44,385
2026.09.29 19:13,4163.45,4167.8,4162.49,4165.99,382
2026.09.29 19:14,4166.02,4167.61,4165.56,4166.27,379
2026.09.29 19:15,4166.32,4167.87,4165.87,4167.59,334
2026.09.29 19:16,4167.6,4170.08,4167.6,4169.33,359
2026.09.29 19:17,4169.35,4169.94,4166.45,4167.15,333
2026.09.29 19:18,4167.27,4168.73,4167.2,4167.84,364
2026.09.29 19:19,4167.91,4168.03,4165.8,4166.1,371
2026.09.29 19:20,4166.09,4167.41,4165.79,4167.33,325
2026.09.29 19:21,4167.25,4167.29,4165.73,4166.09,312
2026.09.29 19:22,4166.18,4167.37,4165.29,4166.71,325
2026.09.29 19:23,4166.7,4168.65,4164.43,4164.59,358
2026.09.29 19:24,4164.62,4165.4,4162.79,4162.89,342
2026.09.29 19:25,4162.97,4165.6,4162.59,4164.78,353
2026.09.29 19:26,4164.75,4165.47,4163.1,4163.19,332
2026.09.29 19:27,4163.21,4164.75,4162.53,4163.17,349
2026.09.29 19:28,4163.14,4168.96,4163.05,4168.24,404
2026.09.29 19:29,4168.25,4168.37,4165.78,4166.02,348
2026.09.29 19:30,4165.99,4170.12,4163.1,4163.66,441
2026.09.29 19:31,4163.67,4164.87,4163.06,4163.99,371
2026.09.29 19:32,4163.97,4165.43,4162.73,4163.97,303
2026.09.29 19:33,4163.98,4164.33,4160.2,4161.0,323
2026.09.29 19:34,4160.99,4164.71,4160.68,4164.47,260
2026.09.29 19:35,4164.46,4167.08,4163.89,4166.79,328
2026.09.29 19:36,4166.9,4169.07,4166.5,4168.33,360
2026.09.29 19:37,4168.24,4168.87,4167.33,4168.76,336
2026.09.29 19:38,4168.7,4171.95,4167.79,4171.82,393
2026.09.29 19:39,4172.01,4175.22,4172.01,4174.59,442
2026.09.29 19:40,4174.63,4175.68,4172.07,4173.13,422
2026.09.29 19:41,4173.25,4174.23,4172.43,4173.49,378
2026.09.29 19:42,4173.53,4173.83,4170.9,4172.52,326
2026.09.29 19:43,4172.39,4172.39,4170.03,4170.23,287
2026.09.29 19:44,4170.19,4170.83,4169.38,4170.41,297
2026.09.29 19:45,4170.29,4170.49,4169.71,4170.16,298
2026.09.29 19:46,4170.15,4170.49,4169.36,4169.45,241
2026.09.29 19:47,4169.44,4169.44,4166.46,4167.39,301
2026.09.29 19:48,4167.41,4167.89,4166.01,4167.0,276
2026.09.29 19:49,4166.95,4167.17,4165.05,4165.97,259
2026.09.29 19:50,4166.08,4166.73,4164.63,4165.69,268
2026.09.29 19:51,4165.76,4167.06,4165.74,4166.39,286
2026.09.29 19:52,4166.34,4168.86,4166.34,4168.71,270
2026.09.29 19:53,4168.79,4171.45,4168.79,4170.69,290
2026.09.29 19:54,4170.56,4170.56,4168.72,4168.8,304
2026.09.29 19:55,4168.82,4169.61,4167.83,4168.93,282
2026.09.29 19:56,4168.92,4169.8,4168.61,4169.33,284
2026.09.29 19:57,4169.32,4169.75,4168.44,4169.28,276
2026.09.29 19:58,4169.3,4170.84,4169.3,4170.71,261
2026.09.29 19:59,4170.77,4172.49,4170.36,4170.87,367
2026.09.29 20:00,4170.88,4171.33,4170.28,4170.97,315
2026.09.29 20:01,4170.9,4171.35,4170.28,4170.7,280
2026.09.29 20:02,4170.71,4171.49,4169.96,4171.24,228
2026.09.29 20:03,4171.25,4172.04,4171.1,4171.13,234
2026.09.29 20:04,4171.18,4173.61,4170.62,4172.39,235
2026.09.29 20:05,4172.44,4172.68,4171.36,4172.03,261
2026.09.29 20:06,4172.1,4172.4,4171.11,4171.23,231
2026.09.29 20:07,4171.26,4172.61,4170.98,4171.25,200
2026.09.29 20:08,4171.29,4172.82,4170.87,4170.94,226
2026.09.29 20:09,4170.95,4171.17,4169.86,4170.5,234
2026.09.29 20:10,4170.46,4170.58,4169.42,4169.94,241
2026.09.29 20:11,4169.99,4170.38,4169.41,4169.54,226
2026.09.29 20:12,4169.5,4169.53,4167.84,4167.98,232
2026.09.29 20:13,4167.95,4169.25,4167.95,4168.64,210
2026.09.29 20:14,4168.68,4169.07,4168.55,4168.59,177
2026.09.29 20:15,4168.6,4168.81,4167.77,4168.37,228
2026.09.29 20:16,4168.36,4169.56,4168.36,4169.32,252
2026.09.29 20:17,4169.35,4169.54,4168.34,4168.46,233
2026.09.29 20:18,4168.51,4170.64,4168.31,4170.04,290
2026.09.29 20:19,4170.06,4170.52,4169.38,4170.33,247
2026.09.29 20:20,4170.35,4170.71,4170.01,4170.09,240
2026.09.29 20:21,4170.1,4171.66,4170.04,4171.05,214
2026.09.29 20:22,4171.06,4171.08,4169.96,4170.18,227
2026.09.29 20:23,4170.24,4170.55,4169.42,4169.79,227
2026.09.29 20:24,4169.74,4170.05,4169.29,4169.56,235
2026.09.29 20:25,4169.58,4170.07,4169.05,4169.67,193
2026.09.29 20:26,4169.66,4169.74,4168.5,4168.99,200
2026.09.29 20:27,4169.0,4170.2,4168.8,4170.01,185
2026.09.29 20:28,4170.02,4170.94,4169.85,4169.99,218
2026.09.29 20:29,4170.0,4171.65,4169.95,4171.45,191
2026.09.29 20:30,4171.41,4171.41,4169.76,4170.23,207
2026.09.29 20:31,4170.22,4171.13,4170.18,4171.13,203
2026.09.29 20:32,4171.21,4171.54,4170.59,4171.51,189
2026.09.29 20:33,4171.55,4171.64,4169.56,4170.43,234
2026.09.29 20:34,4170.49,4171.19,4170.17,4170.94,218
2026.09.29 20:35,4170.9,4171.7,4170.67,4171.49,235
2026.09.29 20:36,4171.42,4172.5,4171.38,4172.49,208
2026.09.29 20:37,4172.43,4172.66,4171.46,4172.21,239
2026.09.29 20:38,4172.15,4172.56,4171.87,4172.44,209
2026.09.29 20:39,4172.45,4173.93,4172.32,4172.52,234
2026.09.29 20:40,4172.51,4172.51,4170.74,4172.04,238
2026.09.29 20:41,4172.03,4172.04,4170.81,4171.0,225
2026.09.29 20:42,4170.99,4171.76,4170.29,4171.73,217
2026.09.29 20:43,4171.67,4172.47,4171.35,4171.46,243
2026.09.29 20:44,4171.44,4172.72,4170.93,4172.47,251
2026.09.29 20:45,4172.5,4172.56,4170.22,4170.27,264
2026.09.29 20:46,4170.23,4171.28,4170.2,4171.07,256
2026.09.29 20:47,4170.98,4171.23,4170.57,4170.98,217
2026.09.29 20:48,4170.95,4171.6,4170.75,4171.16,192
2026.09.29 20:49,4171.13,4171.37,4170.48,4170.68,187
2026.09.29 20:50,4170.79,4171.48,4169.96,4170.05,274
2026.09.29 20:51,4170.09,4171.64,4169.98,4170.53,267
2026.09.29 20:52,4170.59,4171.21,4169.82,4170.62,252
2026.09.29 20:53,4170.6,4173.86,4170.5,4173.79,271
2026.09.29 20:54,4173.8,4175.06,4173.23,4174.21,268
2026.09.29 20:55,4174.22,4174.88,4173.48,4174.57,326
2026.09.29 20:56,4174.5,4175.32,4174.27,4174.76,300
2026.09.29 20:57,4174.78,4174.98,4172.92,4172.93,264
2026.09.29 20:58,4172.95,4174.59,4172.89,4174.1,223
2026.09.29 20:59,4173.99,4177.48,4173.95,4177.37,328
2026.09.29 21:00,4177.2,4177.48,4176.43,4177.04,303
2026.09.29 21:01,4177.01,4177.18,4173.63,4173.63,251
2026.09.29 21:02,4173.61,4174.57,4173.6,4173.99,189
2026.09.29 21:03,4174.03,4174.74,4173.93,4174.49,141
2026.09.29 21:04,4174.51,4174.72,4174.21,4174.56,137
2026.09.29 21:05,4174.57,4174.57,4173.85,4174.13,128
2026.09.29 21:06,4174.12,4175.32,4174.08,4174.87,113
2026.09.29 21:07,4174.86,4175.4,4174.49,4175.14,148
2026.09.29 21:08,4175.08,4175.44,4174.61,4174.92,135
2026.09.29 21:09,4174.95,4176.11,4174.83,4175.76,88
2026.09.29 21:10,4175.75,4175.78,4172.72,4172.93,182
2026.09.29 21:11,4172.89,4173.07,4172.51,4173.03,140
2026.09.29 21:12,4173.05,4173.99,4173.05,4173.41,154
2026.09.29 21:13,4173.52,4173.61,4172.53,4172.7,132
2026.09.29 21:14,4172.62,4172.97,4172.16,4172.16,161
2026.09.29 21:15,4172.24,4172.79,4171.88,4171.9,116
2026.09.29 21:16,4171.86,4171.96,4171.57,4171.93,108
2026.09.29 21:17,4171.96,4172.84,4171.84,4172.72,87
2026.09.29 21:18,4172.68,4173.97,4172.68,4173.95,104
2026.09.29 21:19,4173.92,4174.01,4173.28,4173.48,104
2026.09.29 21:20,4173.47,4173.55,4173.2,4173.21,111
2026.09.29 21:21,4173.23,4175.19,4173.16,4175.18,113
2026.09.29 21:22,4175.13,4175.49,4174.21,4175.49,137
2026.09.29 21:23,4175.48,4175.48,4174.02,4174.43,101
2026.09.29 21:24,4174.49,4174.56,4173.47,4174.01,105
2026.09.29 21:25,4174.03,4174.53,4173.94,4174.44,151
2026.09.29 21:26,4174.45,4174.56,4174.21,4174.37,116
2026.09.29 21:27,4174.35,4174.63,4174.22,4174.45,86
2026.09.29 21:28,4174.46,4175.27,4174.15,4175.13,132
2026.09.29 21:29,4175.04,4176.57,4174.99,4175.89,167
2026.09.29 21:30,4175.9,4175.99,4175.11,4175.25,148
2026.09.29 21:31,4175.35,4176.27,4175.18,4175.93,94
2026.09.29 21:32,4175.92,4176.76,4175.6,4176.68,125
2026.09.29 21:33,4176.69,4179.0,4176.59,4179.0,186
2026.09.29 21:34,4178.97,4178.99,4177.34,4177.91,106
2026.09.29 21:35,4178.1,4178.8,4177.63,4178.57,102
2026.09.29 21:36,4178.58,4179.43,4178.45,4178.61,151
2026.09.29 21:37,4178.53,4179.71,4178.4,4179.48,120
2026.09.29 21:38,4179.38,4179.42,4178.09,4178.87,156
2026.09.29 21:39,4178.86,4181.67,4178.77,4181.12,186
2026.09.29 21:40,4181.08,4182.06,4180.99,4181.74,144
2026.09.29 21:41,4181.79,4183.28,4181.78,4183.27,132
2026.09.29 21:42,4183.24,4184.34,4183.17,4184.05,153
2026.09.29 21:43,4184.07,4184.73,4183.54,4183.66,137
2026.09.29 21:44,4183.63,4184.87,4183.11,4184.87,173
2026.09.29 21:45,4184.76,4185.25,4182.97,4182.97,154
2026.09.29 21:46,4183.02,4183.13,4182.31,4183.13,148
2026.09.29 21:47,4183.21,4184.02,4183.02,4183.5,147
2026.09.29 21:48,4183.56,4183.76,4182.35,4182.36,134
2026.09.29 21:49,4182.37,4182.52,4181.95,4181.99,136
2026.09.29 21:50,4182.02,4182.14,4180.25,4180.44,145
2026.09.29 21:51,4180.45,4181.81,4180.45,4180.87,116
2026.09.29 21:52,4180.85,4180.93,4180.06,4180.1,82
2026.09.29 21:53,4180.09,4180.2,4179.48,4179.65,78
2026.09.29 21:54,4179.59,4180.65,4179.25,4180.29,112
2026.09.29 21:55,4180.25,4181.12,4180.11,4181.02,157
2026.09.29 21:56,4181.03,4181.43,4180.99,4181.2,116
2026.09.29 21:57,4181.25,4181.46,4181.06,4181.44,172
2026.09.29 23:02,4182.9,4183.11,4182.34,4182.94,54
2026.09.29 23:03,4182.95,4183.58,4182.9,4183.34,88
2026.09.29 23:04,4183.35,4183.45,4182.62,4183.4,107
2026.09.29 23:05,4183.39,4183.39,4179.97,4181.63,212
2026.09.29 23:06,4181.64,4182.84,4181.44,4181.78,131
2026.09.29 23:07,4181.78,4182.99,4181.78,4182.63,87
2026.09.29 23:08,4182.64,4182.96,4182.43,4182.94,54
2026.09.29 23:09,4183.04,4183.04,4181.98,4182.46,107
2026.09.29 23:10,4182.47,4182.97,4181.87,4182.73,139
2026.09.29 23:11,4182.59,4183.07,4182.04,4182.09,91
2026.09.29 23:12,4182.1,4182.55,4181.8,4182.34,85
2026.09.29 23:13,4182.29,4182.36,4181.29,4181.47,102
2026.09.29 23:14,4181.48,4181.69,4181.34,4181.43,99
2026.09.29 23:15,4181.44,4181.67,4180.91,4181.3,97
2026.09.29 23:16,4181.32,4181.57,4181.1,4181.11,119
2026.09.29 23:17,4181.17,4181.57,4180.95,4181.48,107
2026.09.29 23:18,4181.52,4181.54,4181.0,4181.11,109
2026.09.29 23:19,4181.09,4181.91,4180.73,4181.57,117
2026.09.29 23:20,4181.61,4181.68,4181.43,4181.46,95
2026.09.29 23:21,4182.0,4182.4,4182.0,4182.14,76
2026.09.29 23:22,4182.23,4182.49,4182.03,4182.31,77
2026.09.29 23:23,4182.29,4182.33,4182.06,4182.14,45
2026.09.29 23:24,4182.15,4182.22,4182.04,4182.15,23
2026.09.29 23:25,4182.16,4182.19,4181.99,4182.01,41
2026.09.29 23:26,4182.06,4182.22,4181.99,4182.06,34
2026.09.29 23:27,4182.04,4182.11,4181.35,4181.61,118
2026.09.29 23:28,4181.56,4181.64,4180.86,4181.13,103
2026.09.29 23:29,4181.18,4181.24,4179.77,4180.02,100
2026.09.29 23:30,4180.05,4180.26,4179.31,4179.52,130
2026.09.29 23:31,4179.53,4179.82,4179.27,4179.76,109
2026.09.29 23:32,4179.82,4179.84,4179.43,4179.63,104
2026.09.29 23:33,4179.61,4179.73,4179.13,4179.38,152
2026.09.29 23:34,4179.37,4179.51,4178.75,4178.75,85
2026.09.29 23:35,4178.85,4179.01,4177.33,4177.72,140
2026.09.29 23:36,4177.79,4177.95,4176.78,4177.88,117
2026.09.29 23:37,4177.87,4177.88,4177.36,4177.61,81
2026.09.29 23:38,4177.65,4178.0,4177.55,4177.89,80
2026.09.29 23:39,4177.91,4178.25,4177.42,4178.19,125
2026.09.29 23:40,4178.22,4178.22,4177.73,4177.89,74
2026.09.29 23:41,4177.95,4178.17,4177.89,4178.11,68
2026.09.29 23:42,4178.2,4178.64,4178.2,4178.39,111
2026.09.29 23:43,4178.36,4178.39,4177.72,4178.02,55
2026.09.29 23:44,4178.03,4178.05,4177.66,4177.67,67
2026.09.29 23:45,4177.68,4178.01,4177.5,4177.88,58
2026.09.29 23:46,4177.83,4177.9,4177.52,4177.57,61
2026.09.29 23:47,4177.58,4178.45,4177.58,4178.39,66
2026.09.29 23:48,4178.42,4178.59,4178.34,4178.38,82
2026.09.29 23:49,4178.4,4178.49,4178.08,4178.28,47
2026.09.29 23:50,4178.36,4178.4,4178.33,4178.39,29
2026.09.29 23:51,4178.49,4178.71,4178.1,4178.28,64
2026.09.29 23:52,4178.3,4178.5,4178.04,4178.07,63
2026.09.29 23:53,4178.13,4178.37,4177.6,4178.28,95
2026.09.29 23:54,4178.31,4179.27,4178.28,4179.12,78
2026.09.29 23:55,4179.13,4179.81,4178.95,4179.79,64
2026.09.29 23:56,4179.84,4180.18,4179.6,4180.02,75
2026.09.29 23:57,4179.98,4179.98,4178.82,4178.99,71
2026.09.29 23:58,4179.02,4179.13,4178.87,4178.88,40
2026.09.29 23:59,4178.91,4178.99,4178.77,4178.88,44
2026.09.30 00:00,4179.14,4180.66,4178.99,4180.52,137
2026.09.30 00:01,4180.51,4180.76,4180.06,4180.35,84
2026.09.30 00:02,4180.36,4180.8,4180.36,4180.74,50
2026.09.30 00:03,4180.75,4180.76,4180.43,4180.43,61
2026.09.30 00:04,4180.44,4180.63,4179.56,4179.66,87
2026.09.30 00:05,4179.68,4180.3,4179.67,4180.28,39
2026.09.30 00:06,4180.27,4181.22,4180.09,4181.22,88
2026.09.30 00:07,4181.27,4181.27,4180.7,4180.82,48
2026.09.30 00:08,4180.9,4181.05,4180.75,4181.05,41
2026.09.30 00:09,4180.97,4181.1,4180.82,4181.08,45
2026.09.30 00:10,4181.06,4181.18,4180.44,4181.14,92
2026.09.30 00:11,4181.15,4181.19,4180.88,4181.05,42
2026.09.30 00:12,4181.02,4181.96,4180.86,4181.79,64
2026.09.30 00:13,4181.81,4181.92,4181.8,4181.86,28
2026.09.30 00:14,4181.85,4182.38,4181.72,4182.38,50
2026.09.30 00:15,4182.34,4182.88,4182.27,4182.63,85
2026.09.30 00:16,4182.45,4182.85,4182.21,4182.67,72
2026.09.30 00:17,4182.59,4183.34,4182.4,4183.26,100
2026.09.30 00:18,4183.25,4183.71,4183.0,4183.17,86
2026.09.30 00:19,4183.11,4183.15,4182.65,4182.68,74
2026.09.30 00:20,4182.69,4182.82,4182.16,4182.16,84
2026.09.30 00:21,4182.19,4182.19,4181.13,4181.25,86
2026.09.30 00:22,4181.33,4181.4,4180.0,4180.13,97
2026.09.30 00:23,4180.11,4180.79,4179.94,4180.07,133
2026.09.30 00:24,4180.12,4181.1,4180.12,4180.96,77
2026.09.30 00:25,4180.95,4181.0,4180.52,4180.6,48
2026.09.30 00:26,4180.59,4180.72,4180.47,4180.51,50
2026.09.30 00:27,4180.55,4181.46,4180.55,4181.39,36
2026.09.30 00:28,4181.46,4181.83,4181.45,4181.59,52
2026.09.30 00:29,4181.58,4181.58,4180.8,4180.83,60
2026.09.30 00:30,4180.84,4180.84,4180.3,4180.45,64
2026.09.30 00:31,4180.41,4180.46,4178.94,4179.15,86
2026.09.30 00:32,4179.2,4179.26,4178.76,4179.13,79
2026.09.30 00:33,4179.17,4179.55,4179.09,4179.24,82
2026.09.30 00:34,4179.21,4179.95,4179.21,4179.65,72
2026.09.30 00:35,4179.64,4180.03,4179.62,4179.75,121
2026.09.30 00:36,4179.76,4180.03,4179.75,4179.78,50
2026.09.30 00:37,4179.83,4179.99,4179.38,4179.68,70
2026.09.30 00:38,4179.63,4179.92,4179.55,4179.92,64
2026.09.30 00:39,4179.81,4179.83,4179.17,4179.54,90
2026.09.30 00:40,4179.59,4179.7,4179.15,4179.16,97
2026.09.30 00:41,4179.12,4180.55,4179.11,4180.54,93
2026.09.30 00:42,4180.57,4180.63,4180.05,4180.13,74
2026.09.30 00:43,4180.12,4180.17,4179.62,4180.07,101
2026.09.30 00:44,4180.13,4180.57,4180.1,4180.14,125
2026.09.30 00:45,4180.1,4183.18,4179.99,4182.58,209
2026.09.30 00:46,4182.57,4184.67,4182.57,4184.56,150
2026.09.30 00:47,4184.57,4184.77,4183.5,4184.09,136
2026.09.30 00:48,4184.07,4184.35,4183.66,4184.12,172
2026.09.30 00:49,4184.14,4185.4,4184.13,4184.86,182
2026.09.30 00:50,4184.82,4184.86,4184.15,4184.56,98
2026.09.30 00:51,4184.6,4184.63,4184.13,4184.25,73
2026.09.30 00:52,4184.21,4184.29,4183.99,4184.29,48
2026.09.30 00:53,4184.28,4186.55,4183.88,4185.93,136
2026.09.30 00:54,4185.99,4187.4,4185.79,4186.94,141
2026.09.30 00:55,4186.91,4187.55,4186.76,4187.54,217
2026.09.30 00:56,4187.55,4187.57,4186.83,4187.18,129
2026.09.30 00:57,4187.1,4187.1,4185.09,4185.53,155
2026.09.30 00:58,4185.52,4185.83,4185.21,4185.24,115
2026.09.30 00:59,4185.25,4185.46,4184.59,4184.87,234
2026.09.30 01:00,4184.85,4187.37,4184.59,4187.13,308
2026.09.30 01:01,4187.12,4187.23,4185.83,4186.77,250
2026.09.30 01:02,4186.73,4186.73,4183.84,4183.84,254
2026.09.30 01:03,4184.12,4184.67,4183.24,4183.27,250
2026.09.30 01:04,4183.25,4183.92,4182.71,4183.68,174
2026.09.30 01:05,4183.71,4184.19,4183.02,4183.66,240
2026.09.30 01:06,4183.8,4185.19,4183.64,4184.19,233
2026.09.30 01:07,4184.24,4185.33,4183.93,4185.24,189
2026.09.30 01:08,4185.3,4185.3,4184.21,4184.74,202
2026.09.30 01:09,4184.77,4185.28,4184.71,4184.89,226
2026.09.30 01:10,4184.93,4185.62,4184.65,4184.81,217
2026.09.30 01:11,4184.9,4185.26,4184.43,4184.89,226
2026.09.30 01:12,4184.93,4185.63,4184.85,4185.62,177
2026.09.30 01:13,4185.64,4185.89,4185.01,4185.15,229
2026.09.30 01:14,4185.16,4185.16,4183.64,4184.14,191
2026.09.30 01:15,4184.16,4185.25,4182.96,4183.95,284
2026.09.30 01:16,4183.94,4183.94,4182.39,4182.68,181
2026.09.30 01:17,4182.78,4183.24,4181.53,4181.57,184
2026.09.30 01:18,4181.55,4183.95,4181.55,4183.51,240
2026.09.30 01:19,4183.64,4184.05,4182.44,4182.58,187
2026.09.30 01:20,4182.56,4183.3,4181.95,4182.87,171
2026.09.30 01:21,4182.85,4184.32,4182.79,4183.8,182
2026.09.30 01:22,4183.86,4183.96,4181.39,4181.95,200
2026.09.30 01:23,4181.96,4182.18,4181.5,4181.86,171
2026.09.30 01:24,4181.88,4182.51,4181.76,4181.84,184
2026.09.30 01:25,4181.89,4182.97,4181.47,4182.27,241
2026.09.30 01:26,4182.25,4182.85,4181.77,4182.84,222
2026.09.30 01:27,4182.87,4182.87,4181.88,4182.07,219
2026.09.30 01:28,4182.06,4182.84,4181.78,4182.78,193
2026.09.30 01:29,4182.81,4183.3,4182.43,4182.43,175
2026.09.30 01:30,4182.42,4183.89,4182.29,4183.38,273
2026.09.30 01:31,4183.4,4183.44,4182.21,4182.32,209
2026.09.30 01:32,4182.27,4182.72,4180.65,4180.92,226
2026.09.30 01:33,4180.93,4183.23,4180.89,4183.17,206
2026.09.30 01:34,4183.22,4184.4,4182.1,4182.94,172
2026.09.30 01:35,4182.96,4184.14,4180.67,4180.71,226
2026.09.30 01:36,4180.72,4181.11,4179.92,4180.33,211
2026.09.30 01:37,4180.35,4180.47,4178.68,4178.95,211
2026.09.30 01:38,4179.2,4179.76,4178.96,4179.42,153
2026.09.30 01:39,4179.38,4179.99,4178.97,4179.4,192
2026.09.30 01:40,4179.48,4180.8,4179.2,4180.37,170
2026.09.30 01:41,4180.38,4181.69,4179.99,4180.57,220
2026.09.30 01:42,4180.59,4180.59,4179.58,4180.27,151
2026.09.30 01:43,4180.28,4180.28,4178.28,4178.71,166
2026.09.30 01:44,4178.7,4179.18,4178.29,4178.94,164
2026.09.30 01:45,4178.93,4179.33,4178.44,4179.06,224
2026.09.30 01:46,4179.03,4179.63,4177.75,4179.61,199
2026.09.30 01:47,4179.6,4179.71,4178.61,4178.76,212
2026.09.30 01:48,4178.75,4178.91,4177.57,4177.59,231
2026.09.30 01:49,4177.56,4178.46,4177.29,4177.62,209
2026.09.30 01:50,4177.65,4177.92,4176.93,4177.9,215
2026.09.30 01:51,4177.87,4179.85,4177.87,4179.61,159
2026.09.30 01:52,4179.6,4179.76,4179.1,4179.41,160
2026.09.30 01:53,4179.46,4179.76,4179.06,4179.5,163
2026.09.30 01:54,4179.48,4179.52,4177.95,4178.01,180
2026.09.30 01:55,4177.98,4180.21,4177.98,4179.74,219
2026.09.30 01:56,4179.7,4179.85,4179.28,4179.59,178
2026.09.30 01:57,4179.56,4179.93,4179.04,4179.63,177
2026.09.30 01:58,4179.64,4179.74,4178.56,4178.69,196
2026.09.30 01:59,4178.7,4178.7,4176.63,4176.63,236
2026.09.30 02:00,4176.62,4179.9,4175.37,4179.88,428
2026.09.30 02:01,4180.12,4181.66,4179.04,4180.06,407
2026.09.30 02:02,4180.07,4181.27,4178.91,4179.77,356
2026.09.30 02:03,4179.78,4179.78,4176.3,4177.1,354
2026.09.30 02:04,4177.11,4179.62,4177.11,4179.08,308
2026.09.30 02:05,4179.16,4179.44,4177.84,4178.13,284
2026.09.30 02:06,4178.04,4178.13,4175.73,4176.81,302
2026.09.30 02:07,4176.77,4177.36,4175.61,4176.54,242
2026.09.30 02:08,4176.5,4176.58,4174.4,4174.95,324
2026.09.30 02:09,4175.01,4175.66,4174.64,4175.14,202
2026.09.30 02:10,4175.04,4175.61,4172.23,4172.41,274
2026.09.30 02:11,4172.4,4175.55,4172.4,4174.95,272
2026.09.30 02:12,4174.94,4175.76,4173.95,4173.96,249
2026.09.30 02:13,4174.03,4174.17,4172.69,4172.94,289
2026.09.30 02:14,4172.86,4173.37,4172.21,4172.69,264
2026.09.30 02:15,4172.68,4173.8,4172.13,4173.59,307
2026.09.30 02:16,4173.44,4173.72,4172.97,4173.28,240
2026.09.30 02:17,4173.25,4174.65,4172.8,4173.32,315
2026.09.30 02:18,4173.29,4173.52,4171.28,4171.35,322
2026.09.30 02:19,4171.51,4172.15,4171.02,4172.04,269
2026.09.30 02:20,4171.75,4171.76,4170.0,4170.78,297
2026.09.30 02:21,4170.81,4172.63,4170.62,4171.83,293
2026.09.30 02:22,4171.76,4171.95,4169.98,4170.56,225
2026.09.30 02:23,4170.62,4170.66,4169.25,4169.57,225
2026.09.30 02:24,4169.56,4170.51,4169.12,4170.36,261
2026.09.30 02:25,4170.29,4170.61,4169.71,4170.37,244
2026.09.30 02:26,4170.35,4170.64,4169.15,4169.46,234
2026.09.30 02:27,4169.31,4169.74,4169.2,4169.53,246
2026.09.30 02:28,4169.49,4169.8,4168.49,4169.68,257
2026.09.30 02:29,4169.72,4169.96,4167.79,4167.79,269
2026.09.30 02:30,4167.75,4173.14,4167.37,4172.42,453
2026.09.30 02:31,4172.43,4173.66,4171.97,4172.56,347
2026.09.30 02:32,4172.54,4172.59,4170.76,4172.03,294
2026.09.30 02:33,4172.02,4172.46,4170.0,4171.77,328
2026.09.30 02:34,4171.75,4172.44,4169.18,4169.57,285
2026.09.30 02:35,4169.61,4171.66,4169.35,4171.39,272
2026.09.30 02:36,4171.41,4171.84,4170.04,4170.63,272
2026.09.30 02:37,4170.64,4171.8,4169.54,4169.76,304
2026.09.30 02:38,4169.75,4170.16,4168.08,4168.35,249
2026.09.30 02:39,4168.62,4169.02,4168.29,4168.9,247
2026.09.30 02:40,4168.95,4170.09,4168.86,4169.45,267
2026.09.30 02:41,4169.49,4169.94,4169.19,4169.7,210
2026.09.30 02:42,4169.65,4170.22,4168.8,4168.89,199
2026.09.30 02:43,4168.84,4170.32,4167.75,4169.63,245
2026.09.30 02:44,4169.24,4170.41,4168.97,4169.5,227
2026.09.30 02:45,4169.36,4169.62,4168.07,4168.85,236
2026.09.30 02:46,4168.86,4170.66,4168.75,4169.88,240
2026.09.30 02:47,4169.83,4171.86,4169.83,4171.86,250
2026.09.30 02:48,4171.85,4171.85,4169.49,4169.78,233
2026.09.30 02:49,4169.8,4171.01,4169.26,4171.01,231
2026.09.30 02:50,4170.95,4171.83,4170.21,4171.41,233
2026.09.30 02:51,4171.38,4171.47,4170.15,4170.94,246
2026.09.30 02:52,4170.96,4171.68,4170.57,4170.93,217
2026.09.30 02:53,4171.01,4172.44,4171.01,4171.34,197
2026.09.30 02:54,4171.33,4172.47,4170.74,4172.24,247
2026.09.30 02:55,4172.25,4172.43,4171.49,4171.69,182
2026.09.30 02:56,4171.67,4172.42,4171.26,4171.77,224
2026.09.30 02:57,4171.78,4173.42,4171.58,4172.49,219
2026.09.30 02:58,4172.48,4172.48,4171.29,4171.53,235
2026.09.30 02:59,4171.52,4172.43,4171.09,4172.32,191
2026.09.30 03:00,4172.29,4173.29,4172.21,4173.2,270
2026.09.30 03:01,4173.21,4174.66,4173.1,4174.2,319
2026.09.30 03:02,4174.21,4174.24,4173.34,4173.38,257
2026.09.30 03:03,4173.36,4174.44,4173.19,4173.9,222
2026.09.30 03:04,4173.88,4174.22,4173.03,4173.57,300
2026.09.30 03:05,4173.59,4175.26,4173.12,4175.18,231
2026.09.30 03:06,4175.21,4176.41,4175.04,4176.31,232
2026.09.30 03:07,4176.32,4177.99,4176.26,4177.59,220
2026.09.30 03:08,4177.53,4177.53,4176.38,4176.9,265
2026.09.30 03:09,4176.87,4177.75,4176.83,4176.93,226
2026.09.30 03:10,4176.88,4178.2,4176.82,4176.93,294
2026.09.30 03:11,4176.94,4177.62,4175.75,4176.99,313
2026.09.30 03:12,4176.97,4178.42,4175.52,4176.03,312
2026.09.30 03:13,4176.05,4177.04,4175.64,4176.48,241
2026.09.30 03:14,4176.49,4177.03,4176.16,4176.67,243
2026.09.30 03:15,4176.68,4177.55,4176.61,4177.0,199
2026.09.30 03:16,4176.99,4177.86,4176.88,4177.18,231
2026.09.30 03:17,4177.16,4178.23,4177.06,4178.12,176
2026.09.30 03:18,4178.16,4179.42,4177.87,4178.64,229
2026.09.30 03:19,4178.59,4178.99,4177.06,4177.44,230
2026.09.30 03:20,4177.48,4178.53,4177.03,4178.06,190
2026.09.30 03:21,4178.07,4178.36,4177.74,4178.26,188
2026.09.30 03:22,4178.19,4179.24,4177.52,4179.12,198
2026.09.30 03:23,4179.13,4180.47,4178.35,4178.53,211
2026.09.30 03:24,4178.55,4178.55,4177.8,4177.85,144
2026.09.30 03:25,4177.86,4178.2,4177.67,4178.2,153
2026.09.30 03:26,4178.19,4178.75,4176.0,4176.02,155
2026.09.30 03:27,4175.98,4176.28,4175.59,4175.91,201
2026.09.30 03:28,4175.89,4177.48,4175.82,4176.77,200
2026.09.30 03:29,4176.75,4176.94,4175.75,4175.78,146
2026.09.30 03:30,4175.79,4176.49,4173.65,4174.32,393
2026.09.30 03:31,4174.33,4175.51,4173.24,4173.65,303
2026.09.30 03:32,4173.72,4174.14,4171.31,4171.7,298
2026.09.30 03:33,4171.79,4173.5,4171.62,4173.04,255
2026.09.30 03:34,4173.03,4174.21,4172.83,4173.17,250
2026.09.30 03:35,4173.27,4174.16,4173.02,4173.95,206
2026.09.30 03:36,4173.89,4176.51,4173.82,4176.46,253
2026.09.30 03:37,4176.41,4177.81,4176.39,4177.07,269
2026.09.30 03:38,4177.13,4178.78,4176.72,4178.26,288
2026.09.30 03:39,4178.23,4178.62,4177.08,4177.54,206
2026.09.30 03:40,4177.51,4177.92,4177.37,4177.71,194
2026.09.30 03:41,4177.7,4177.92,4176.29,4176.51,226
2026.09.30 03:42,4176.52,4176.59,4175.52,4176.12,219
2026.09.30 03:43,4176.11,4177.5,4176.07,4176.94,202
2026.09.30 03:44,4176.9,4178.7,4176.75,4178.67,302
2026.09.30 03:45,4178.66,4180.38,4178.6,4179.69,249
2026.09.30 03:46,4179.73,4182.73,4179.73,4182.69,329
2026.09.30 03:47,4182.62,4183.96,4182.01,4183.17,257
2026.09.30 03:48,4183.2,4183.22,4182.05,4182.91,225
2026.09.30 03:49,4182.89,4183.14,4181.62,4182.6,217
2026.09.30 03:50,4182.66,4184.06,4182.33,4183.62,242
2026.09.30 03:51,4183.68,4184.37,4183.62,4184.1,204
2026.09.30 03:52,4184.01,4184.42,4183.3,4183.6,177
2026.09.30 03:53,4183.61,4184.3,4181.64,4181.64,209
2026.09.30 03:54,4181.53,4181.83,4180.66,4181.09,200
2026.09.30 03:55,4180.96,4181.68,4180.69,4181.39,174
2026.09.30 03:56,4181.41,4182.69,4181.36,4181.83,222
2026.09.30 03:57,4181.86,4182.85,4181.11,4181.24,189
2026.09.30 03:58,4181.25,4181.64,4179.74,4179.79,256
2026.09.30 03:59,4179.8,4179.99,4178.19,4179.41,251
2026.09.30 04:00,4179.39,4180.96,4179.31,4180.93,304
2026.09.30 04:01,4181.05,4181.43,4180.77,4180.85,204
2026.09.30 04:02,4180.86,4182.36,4180.86,4181.54,209
2026.09.30 04:03,4181.55,4182.23,4181.47,4181.76,197
2026.09.30 04:04,4181.75,4182.37,4181.34,4182.06,170
2026.09.30 04:05,4182.04,4182.04,4180.45,4180.64,172
2026.09.30 04:06,4180.59,4180.96,4180.51,4180.74,165
2026.09.30 04:07,4180.71,4181.49,4179.87,4181.28,192
2026.09.30 04:08,4181.29,4181.29,4179.83,4179.93,202
2026.09.30 04:09,4179.86,4180.47,4179.49,4180.32,205
2026.09.30 04:10,4180.31,4180.62,4178.71,4179.39,223
2026.09.30 04:11,4179.38,4179.38,4178.65,4178.89,216
2026.09.30 04:12,4178.9,4180.13,4178.62,4179.72,200
2026.09.30 04:13,4179.71,4180.59,4179.09,4179.95,234
2026.09.30 04:14,4179.94,4179.94,4177.78,4178.43,209
2026.09.30 04:15,4178.44,4178.7,4177.91,4178.31,218
2026.09.30 04:16,4178.33,4178.61,4177.27,4177.9,201
2026.09.30 04:17,4177.93,4178.87,4177.47,4178.69,188
2026.09.30 04:18,4178.68,4180.07,4178.68,4178.98,191
2026.09.30 04:19,4178.96,4180.01,4178.94,4179.79,153
2026.09.30 04:20,4179.8,4179.99,4178.02,4178.8,179
2026.09.30 04:21,4178.79,4180.04,4178.78,4180.01,200
2026.09.30 04:22,4180.02,4180.29,4179.1,4179.11,173
2026.09.30 04:23,4179.12,4179.94,4179.06,4179.94,179
2026.09.30 04:24,4179.95,4180.45,4179.44,4179.46,175
2026.09.30 04:25,4179.48,4179.84,4179.2,4179.32,222
2026.09.30 04:26,4179.31,4179.43,4178.48,4178.77,197
2026.09.30 04:27,4178.78,4179.55,4178.44,4179.39,190
2026.09.30 04:28,4179.28,4179.46,4178.93,4179.43,199
2026.09.30 04:29,4179.41,4180.89,4178.92,4180.89,256
2026.09.30 04:30,4180.86,4180.92,4179.49,4179.76,222
2026.09.30 04:31,4179.77,4179.95,4178.08,4178.54,236
2026.09.30 04:32,4178.52,4178.54,4176.83,4176.85,249
2026.09.30 04:33,4176.81,4177.08,4175.78,4176.25,218
2026.09.30 04:34,4176.28,4176.29,4174.93,4175.54,163
2026.09.30 04:35,4175.51,4175.82,4174.68,4174.86,189
2026.09.30 04:36,4174.81,4176.08,4174.07,4175.93,207
2026.09.30 04:37,4175.91,4176.57,4175.57,4176.56,199
2026.09.30 04:38,4176.54,4176.86,4175.95,4176.73,160
2026.09.30 04:39,4176.69,4177.65,4176.46,4177.24,189
2026.09.30 04:40,4177.26,4177.4,4176.2,4176.52,160
2026.09.30 04:41,4176.58,4176.91,4175.39,4175.5,183
2026.09.30 04:42,4175.49,4175.58,4174.64,4174.74,164
2026.09.30 04:43,4174.73,4175.9,4174.51,4175.89,168
2026.09.30 04:44,4176.02,4176.48,4175.36,4175.4,159
2026.09.30 04:45,4175.37,4175.77,4174.37,4174.37,184
2026.09.30 04:46,4174.38,4174.39,4173.35,4173.4,194
2026.09.30 04:47,4173.39,4174.14,4173.21,4173.94,234
2026.09.30 04:48,4173.99,4174.06,4173.46,4173.6,142
2026.09.30 04:49,4173.56,4173.72,4173.17,4173.44,138
2026.09.30 04:50,4173.48,4173.48,4172.79,4173.24,148
2026.09.30 04:51,4173.22,4173.29,4172.32,4172.44,177
2026.09.30 04:52,4172.43,4172.67,4171.6,4171.63,212
2026.09.30 04:53,4171.64,4172.25,4171.29,4172.25,163
2026.09.30 04:54,4172.26,4173.93,4172.11,4173.57,207
2026.09.30 04:55,4173.58,4174.35,4173.56,4174.14,180
2026.09.30 04:56,4174.13,4175.04,4173.84,4174.05,155
2026.09.30 04:57,4174.04,4174.04,4172.86,4173.49,211
2026.09.30 04:58,4173.45,4173.53,4172.95,4173.52,134
2026.09.30 04:59,4173.56,4173.7,4172.48,4172.65,143
2026.09.30 05:00,4172.67,4173.3,4172.48,4173.29,147
2026.09.30 05:01,4173.31,4174.23,4172.77,4173.31,181
2026.09.30 05:02,4173.35,4175.4,4173.34,4174.37,190
2026.09.30 05:03,4174.34,4174.6,4173.58,4174.23,201
2026.09.30 05:04,4174.21,4176.17,4173.72,4175.65,186
2026.09.30 05:05,4175.66,4176.08,4175.15,4175.31,166
2026.09.30 05:06,4175.33,4175.8,4174.34,4174.37,174
2026.09.30 05:07,4174.38,4174.44,4173.23,4173.65,151
2026.09.30 05:08,4173.64,4173.7,4172.58,4172.78,120
2026.09.30 05:09,4172.69,4173.36,4172.34,4172.94,170
2026.09.30 05:10,4173.01,4173.3,4172.48,4172.95,185
2026.09.30 05:11,4172.97,4173.45,4172.65,4173.36,138
2026.09.30 05:12,4173.39,4173.61,4173.06,4173.14,96
2026.09.30 05:13,4173.13,4173.34,4172.46,4172.46,156
2026.09.30 05:14,4172.42,4173.94,4172.15,4173.74,158
2026.09.30 05:15,4173.77,4175.0,4173.59,4174.95,170
2026.09.30 05:16,4174.94,4176.94,4174.87,4176.27,153
2026.09.30 05:17,4176.28,4177.07,4176.09,4176.91,144
2026.09.30 05:18,4177.0,4177.99,4176.83,4176.9,202
2026.09.30 05:19,4176.89,4176.95,4176.15,4176.9,108
2026.09.30 05:20,4176.89,4177.02,4176.38,4176.86,107
2026.09.30 05:21,4176.81,4177.43,4176.74,4176.88,131
2026.09.30 05:22,4176.92,4177.7,4176.66,4177.09,124
2026.09.30 05:23,4177.13,4177.15,4176.44,4176.99,135
2026.09.30 05:24,4176.98,4177.69,4176.98,4177.45,106
2026.09.30 05:25,4177.46,4178.28,4177.11,4178.21,171
2026.09.30 05:26,4178.22,4179.15,4177.86,4179.14,165
2026.09.30 05:27,4179.13,4179.19,4178.33,4178.39,141
2026.09.30 05:28,4178.37,4178.52,4177.81,4177.96,132
2026.09.30 05:29,4177.99,4178.0,4177.64,4177.9,123
2026.09.30 05:30,4177.8,4178.0,4177.42,4177.73,134
2026.09.30 05:31,4177.74,4178.55,4177.28,4178.54,205
2026.09.30 05:32,4178.55,4178.81,4177.89,4178.51,167
2026.09.30 05:33,4178.52,4178.61,4178.01,4178.51,173
2026.09.30 05:34,4178.62,4178.89,4178.32,4178.61,159
2026.09.30 05:35,4178.6,4181.94,4178.58,4181.62,206
2026.09.30 05:36,4181.65,4181.72,4180.49,4180.51,142
2026.09.30 05:37,4180.5,4181.64,4180.31,4181.63,161
2026.09.30 05:38,4181.61,4183.19,4181.33,4182.52,171
2026.09.30 05:39,4182.56,4182.87,4182.09,4182.87,149
2026.09.30 05:40,4182.88,4184.99,4182.73,4182.73,223
2026.09.30 05:41,4182.74,4183.97,4182.72,4183.73,160
2026.09.30 05:42,4183.74,4184.13,4182.87,4183.07,172
2026.09.30 05:43,4183.09,4183.42,4182.19,4182.19,142
2026.09.30 05:44,4182.26,4182.33,4181.01,4181.08,145
2026.09.30 05:45,4181.09,4181.67,4180.31,4180.9,140
2026.09.30 05:46,4180.93,4181.68,4180.6,4180.8,176
2026.09.30 05:47,4180.81,4180.99,4179.75,4180.81,187
2026.09.30 05:48,4180.75,4181.05,4179.83,4179.83,145
2026.09.30 05:49,4179.85,4179.86,4178.28,4178.58,210
2026.09.30 05:50,4178.53,4178.95,4178.07,4178.49,188
2026.09.30 05:51,4178.48,4178.92,4177.84,4177.84,162
2026.09.30 05:52,4177.88,4178.35,4177.53,4178.34,162
2026.09.30 05:53,4178.28,4178.47,4178.03,4178.35,122
2026.09.30 05:54,4178.41,4179.34,4178.37,4178.74,182
2026.09.30 05:55,4178.76,4179.0,4178.31,4178.57,206
2026.09.30 05:56,4178.59,4178.72,4177.91,4178.56,144
2026.09.30 05:57,4178.54,4178.87,4178.09,4178.14,154
2026.09.30 05:58,4178.15,4178.95,4178.05,4178.84,155
2026.09.30 05:59,4178.76,4179.18,4178.17,4178.99,182
2026.09.30 06:00,4179.0,4181.61,4178.66,4181.53,236
2026.09.30 06:01,4181.55,4182.37,4180.18,4180.48,204
2026.09.30 06:02,4180.46,4180.78,4179.53,4179.54,172
2026.09.30 06:03,4179.47,4180.82,4179.31,4180.76,134
2026.09.30 06:04,4180.75,4180.93,4179.75,4180.14,146
2026.09.30 06:05,4180.13,4180.37,4179.4,4179.61,170
2026.09.30 06:06,4179.64,4180.64,4179.38,4179.88,217
2026.09.30 06:07,4179.87,4179.99,4179.02,4179.19,159
2026.09.30 06:08,4179.2,4179.64,4177.26,4177.28,184
2026.09.30 06:09,4177.22,4177.22,4176.3,4176.36,168
2026.09.30 06:10,4176.39,4176.76,4175.94,4176.38,163
2026.09.30 06:11,4176.34,4177.73,4175.81,4177.29,239
2026.09.30 06:12,4177.22,4177.27,4175.27,4175.27,206
2026.09.30 06:13,4175.13,4175.13,4172.84,4173.15,180
2026.09.30 06:14,4173.16,4173.56,4172.64,4172.64,162
2026.09.30 06:15,4172.6,4172.6,4170.25,4170.33,226
2026.09.30 06:16,4170.31,4170.66,4167.41,4167.44,271
2026.09.30 06:17,4167.41,4168.1,4165.78,4165.85,275
2026.09.30 06:18,4165.91,4169.45,4165.73,4169.0,280
2026.09.30 06:19,4169.07,4169.57,4168.42,4169.55,207
2026.09.30 06:20,4169.53,4170.46,4168.51,4169.84,196
2026.09.30 06:21,4169.79,4171.31,4169.79,4170.84,211
2026.09.30 06:22,4170.82,4171.34,4170.03,4170.53,208
2026.09.30 06:23,4170.61,4170.86,4169.8,4170.04,160
2026.09.30 06:24,4169.99,4171.19,4169.99,4171.04,208
2026.09.30 06:25,4171.05,4171.17,4170.1,4170.23,197
2026.09.30 06:26,4170.21,4171.36,4170.02,4170.73,161
2026.09.30 06:27,4170.77,4171.56,4170.55,4171.13,148
2026.09.30 06:28,4171.15,4174.1,4170.7,4173.7,180
2026.09.30 06:29,4173.72,4175.1,4173.59,4174.85,175
2026.09.30 06:30,4174.82,4175.44,4172.82,4174.24,339
2026.09.30 06:31,4174.21,4178.58,4172.88,4178.44,301
2026.09.30 06:32,4178.45,4179.37,4177.57,4178.14,337
2026.09.30 06:33,4178.16,4179.99,4177.94,4178.93,253
2026.09.30 06:34,4179.0,4179.08,4176.92,4177.73,276
2026.09.30 06:35,4177.75,4178.94,4176.96,4178.93,244
2026.09.30 06:36,4178.96,4180.08,4176.95,4177.02,301
2026.09.30 06:37,4177.03,4177.59,4175.96,4176.6,241
2026.09.30 06:38,4176.61,4176.62,4174.83,4175.63,214
2026.09.30 06:39,4175.56,4176.43,4175.21,4175.84,270
2026.09.30 06:40,4175.85,4175.93,4173.7,4174.82,279
2026.09.30 06:41,4174.95,4176.03,4174.44,4175.46,226
2026.09.30 06:42,4175.45,4176.76,4174.84,4176.76,198
2026.09.30 06:43,4176.78,4176.92,4176.12,4176.23,196
2026.09.30 06:44,4176.21,4177.8,4175.5,4175.65,257
2026.09.30 06:45,4175.58,4176.75,4175.28,4175.75,276
2026.09.30 06:46,4175.74,4177.13,4175.67,4176.0,216
2026.09.30 06:47,4176.04,4176.04,4174.71,4175.57,230
2026.09.30 06:48,4175.58,4175.58,4174.87,4175.54,204
2026.09.30 06:49,4175.5,4176.17,4175.08,4176.15,198
2026.09.30 06:50,4176.14,4176.15,4174.26,4175.74,235
2026.09.30 06:51,4175.73,4176.08,4174.53,4174.99,165
2026.09.30 06:52,4174.98,4175.61,4174.42,4175.0,212
2026.09.30 06:53,4174.98,4175.72,4174.41,4175.41,189
2026.09.30 06:54,4175.39,4175.96,4175.13,4175.69,231
2026.09.30 06:55,4175.6,4176.13,4174.3,4174.3,221
2026.09.30 06:56,4174.27,4175.78,4173.8,4175.2,243
2026.09.30 06:57,4175.22,4175.7,4174.7,4175.08,238
2026.09.30 06:58,4175.12,4180.49,4174.73,4180.36,311
2026.09.30 06:59,4180.32,4181.35,4177.32,4178.02,385
2026.09.30 07:00,4178.09,4180.08,4176.8,4179.67,416
2026.09.30 07:01,4179.59,4180.56,4177.74,4177.98,370
2026.09.30 07:02,4177.93,4180.43,4176.16,4179.1,310
2026.09.30 07:03,4179.08,4179.87,4177.6,4179.39,335
2026.09.30 07:04,4179.42,4181.57,4178.87,4181.57,319
2026.09.30 07:05,4181.65,4182.09,4180.45,4181.24,335
2026.09.30 07:06,4181.23,4181.84,4180.73,4181.32,295
2026.09.30 07:07,4181.31,4181.96,4180.76,4181.68,251
2026.09.30 07:08,4181.72,4182.03,4179.78,4180.58,311
2026.09.30 07:09,4180.5,4181.34,4180.32,4181.33,280
2026.09.30 07:10,4181.46,4182.69,4181.46,4182.36,323
2026.09.30 07:11,4182.37,4183.18,4181.72,4183.06,247
2026.09.30 07:12,4183.07,4184.41,4182.34,4182.63,309
2026.09.30 07:13,4182.64,4184.11,4182.28,4183.03,261
2026.09.30 07:14,4182.98,4183.7,4182.6,4183.18,203
2026.09.30 07:15,4183.2,4184.17,4183.07,4184.07,221
2026.09.30 07:16,4183.7,4184.85,4182.95,4184.7,288
2026.09.30 07:17,4184.64,4184.83,4182.76,4182.76,263
2026.09.30 07:18,4182.73,4182.83,4181.2,4181.48,244
2026.09.30 07:19,4181.35,4181.9,4179.45,4179.49,249
2026.09.30 07:20,4179.54,4180.77,4179.52,4179.74,252
2026.09.30 07:21,4179.69,4180.15,4178.88,4179.95,217
2026.09.30 07:22,4179.94,4181.82,4179.59,4181.16,314
2026.09.30 07:23,4181.12,4181.25,4179.93,4181.01,262
2026.09.30 07:24,4181.0,4183.13,4180.97,4182.02,305
2026.09.30 07:25,4182.11,4182.32,4179.72,4180.3,267
2026.09.30 07:26,4180.28,4181.21,4180.09,4181.21,238
2026.09.30 07:27,4181.18,4181.95,4180.67,4181.16,242
2026.09.30 07:28,4181.2,4181.78,4180.02,4180.15,283
2026.09.30 07:29,4180.12,4180.6,4179.47,4179.97,271
2026.09.30 07:30,4180.05,4180.55,4178.82,4179.46,297
2026.09.30 07:31,4179.48,4180.86,4179.01,4179.69,326
2026.09.30 07:32,4179.63,4180.58,4179.23,4180.47,276
2026.09.30 07:33,4180.48,4180.68,4179.42,4179.56,253
2026.09.30 07:34,4179.55,4180.43,4179.44,4180.43,283
2026.09.30 07:35,4180.39,4180.92,4179.67,4180.34,264
2026.09.30 07:36,4180.32,4181.06,4179.97,4180.63,242
2026.09.30 07:37,4180.62,4181.76,4179.47,4181.67,267
2026.09.30 07:38,4181.68,4182.77,4180.35,4180.42,281
2026.09.30 07:39,4180.46,4180.9,4180.04,4180.14,276
2026.09.30 07:40,4180.16,4180.75,4179.67,4179.97,242
2026.09.30 07:41,4179.99,4180.09,4178.92,4179.38,254
2026.09.30 07:42,4179.48,4181.48,4179.4,4181.44,259
2026.09.30 07:43,4181.47,4181.68,4180.12,4181.1,238
2026.09.30 07:44,4180.9,4182.54,4180.78,4182.45,235
2026.09.30 07:45,4182.44,4182.7,4180.5,4181.43,358
2026.09.30 07:46,4181.41,4181.42,4179.8,4180.64,279
2026.09.30 07:47,4180.72,4181.44,4179.86,4180.71,293
2026.09.30 07:48,4180.7,4180.81,4179.71,4180.2,294
2026.09.30 07:49,4180.25,4182.31,4180.1,4182.01,299
2026.09.30 07:50,4181.9,4184.19,4181.73,4184.09,301
2026.09.30 07:51,4184.0,4188.36,4183.75,4188.2,267
2026.09.30 07:52,4188.14,4191.08,4187.48,4190.68,355
2026.09.30 07:53,4190.66,4193.63,4190.21,4191.87,338
2026.09.30 07:54,4191.83,4192.64,4191.1,4191.2,326
2026.09.30 07:55,4191.19,4193.79,4191.13,4193.52,273
2026.09.30 07:56,4193.53,4194.23,4192.98,4193.5,295
2026.09.30 07:57,4193.62,4194.93,4193.15,4194.56,277
2026.09.30 07:58,4194.57,4194.94,4193.27,4193.79,280
2026.09.30 07:59,4193.63,4193.65,4190.8,4190.8,362
2026.09.30 08:00,4190.83,4191.92,4189.72,4191.87,362
2026.09.30 08:01,4191.93,4193.86,4191.14,4193.73,368
2026.09.30 08:02,4193.7,4195.13,4192.86,4195.03,389
2026.09.30 08:03,4195.04,4195.14,4194.12,4194.55,329
2026.09.30 08:04,4194.56,4195.13,4193.45,4193.89,323
2026.09.30 08:05,4193.9,4194.8,4192.92,4194.52,275
2026.09.30 08:06,4194.54,4195.2,4191.99,4194.95,294
2026.09.30 08:07,4195.03,4196.87,4194.74,4196.4,303
2026.09.30 08:08,4196.44,4197.97,4194.4,4194.89,343
2026.09.30 08:09,4194.91,4195.88,4193.03,4193.89,295
2026.09.30 08:10,4193.83,4195.83,4193.73,4195.23,309
2026.09.30 08:11,4195.24,4195.65,4192.31,4193.31,319
2026.09.30 08:12,4193.28,4194.44,4193.01,4193.96,294
2026.09.30 08:13,4193.95,4195.04,4193.29,4194.8,319
2026.09.30 08:14,4194.79,4195.48,4194.0,4194.55,261
2026.09.30 08:15,4194.59,4195.75,4194.3,4194.97,331
2026.09.30 08:16,4195.1,4197.79,4195.09,4197.47,311
2026.09.30 08:17,4197.4,4197.4,4195.43,4195.61,352
2026.09.30 08:18,4195.64,4195.66,4194.47,4195.2,294
2026.09.30 08:19,4195.18,4196.88,4194.96,4196.88,291
2026.09.30 08:20,4196.91,4197.87,4195.55,4195.62,333
2026.09.30 08:21,4195.61,4198.21,4195.59,4197.98,283
2026.09.30 08:22,4197.97,4198.87,4197.27,4198.65,244
2026.09.30 08:23,4198.66,4200.9,4198.62,4200.84,288
2026.09.30 08:24,4200.72,4201.26,4200.61,4201.04,241
2026.09.30 08:25,4201.05,4201.05,4199.57,4199.9,263
2026.09.30 08:26,4199.94,4200.11,4196.67,4197.05,258
2026.09.30 08:27,4197.12,4197.2,4194.61,4195.54,273
2026.09.30 08:28,4195.52,4196.01,4194.85,4195.27,330
2026.09.30 08:29,4195.22,4195.49,4194.31,4195.25,283
2026.09.30 08:30,4195.22,4196.46,4194.02,4196.16,317
2026.09.30 08:31,4196.13,4196.23,4193.95,4194.2,259
2026.09.30 08:32,4194.26,4195.09,4193.94,4194.01,271
2026.09.30 08:33,4193.98,4195.55,4193.82,4194.8,290
2026.09.30 08:34,4194.73,4194.83,4193.81,4194.53,254
2026.09.30 08:35,4194.63,4197.8,4194.63,4197.71,299
2026.09.30 08:36,4197.63,4198.97,4197.17,4198.9,283
2026.09.30 08:37,4198.92,4198.92,4197.29,4197.88,301
2026.09.30 08:38,4197.92,4198.07,4195.31,4195.5,315
2026.09.30 08:39,4195.52,4197.07,4195.42,4196.85,258
2026.09.30 08:40,4196.82,4197.58,4196.5,4197.29,233
2026.09.30 08:41,4197.3,4197.3,4194.97,4195.28,212
2026.09.30 08:42,4195.29,4195.56,4192.85,4192.87,224
2026.09.30 08:43,4192.8,4193.39,4191.87,4192.25,272
2026.09.30 08:44,4192.31,4192.35,4191.44,4191.9,207
2026.09.30 08:45,4191.87,4194.91,4191.87,4193.63,246
2026.09.30 08:46,4193.65,4194.15,4191.4,4191.93,241
2026.09.30 08:47,4191.94,4193.06,4191.94,4192.97,215
2026.09.30 08:48,4192.96,4194.55,4192.08,4194.51,237
2026.09.30 08:49,4194.43,4195.72,4193.52,4195.67,255
2026.09.30 08:50,4195.69,4196.06,4195.39,4195.51,205
2026.09.30 08:51,4195.49,4196.91,4195.36,4196.86,196
2026.09.30 08:52,4196.89,4197.26,4194.55,4194.66,184
2026.09.30 08:53,4194.69,4196.02,4194.6,4195.33,168
2026.09.30 08:54,4195.3,4196.01,4195.24,4195.42,182
2026.09.30 08:55,4195.65,4195.97,4194.76,4195.26,232
2026.09.30 08:56,4195.24,4195.38,4193.6,4193.93,188
2026.09.30 08:57,4193.92,4194.44,4192.5,4192.97,232
2026.09.30 08:58,4192.96,4193.75,4192.1,4193.73,214
2026.09.30 08:59,4193.72,4194.31,4193.32,4193.62,212
2026.09.30 09:00,4193.57,4194.46,4192.78,4193.46,348
2026.09.30 09:01,4193.47,4196.35,4193.42,4195.68,428
2026.09.30 09:02,4195.55,4196.0,4194.56,4195.03,326
2026.09.30 09:03,4195.04,4196.81,4194.89,4196.23,333
2026.09.30 09:04,4196.2,4196.67,4193.82,4194.37,313
2026.09.30 09:05,4194.39,4194.68,4193.3,4193.91,294
2026.09.30 09:06,4193.92,4194.64,4193.16,4194.55,319
2026.09.30 09:07,4194.56,4196.28,4194.3,4196.26,278
2026.09.30 09:08,4196.27,4196.48,4195.0,4195.58,258
2026.09.30 09:09,4195.56,4195.89,4194.78,4195.77,245
2026.09.30 09:10,4195.82,4195.83,4194.74,4195.51,235
2026.09.30 09:11,4195.47,4195.92,4193.65,4194.57,291
2026.09.30 09:12,4194.51,4195.4,4193.97,4194.7,255
2026.09.30 09:13,4194.64,4195.87,4194.2,4194.34,265
2026.09.30 09:14,4194.42,4195.28,4194.05,4194.75,302
2026.09.30 09:15,4194.77,4195.88,4193.65,4195.2,339
2026.09.30 09:16,4195.22,4197.11,4194.83,4196.6,282
2026.09.30 09:17,4196.54,4197.88,4195.81,4196.96,330
2026.09.30 09:18,4196.99,4199.05,4196.96,4199.0,278
2026.09.30 09:19,4199.02,4199.86,4197.32,4197.53,284
2026.09.30 09:20,4197.46,4199.73,4197.43,4199.46,288
2026.09.30 09:21,4199.52,4199.88,4199.04,4199.62,261
2026.09.30 09:22,4199.67,4201.29,4199.35,4200.68,252
2026.09.30 09:23,4200.7,4200.75,4199.37,4200.37,216
2026.09.30 09:24,4200.35,4200.77,4199.53,4200.49,241
2026.09.30 09:25,4200.48,4201.31,4199.56,4200.79,250
2026.09.30 09:26,4200.74,4201.68,4200.29,4201.42,238
2026.09.30 09:27,4201.46,4201.51,4198.84,4199.11,263
2026.09.30 09:28,4199.16,4199.63,4198.55,4199.19,265
2026.09.30 09:29,4199.12,4199.66,4198.42,4199.12,287
2026.09.30 09:30,4199.03,4199.21,4197.76,4198.7,313
2026.09.30 09:31,4198.66,4199.41,4198.28,4199.15,265
2026.09.30 09:32,4199.18,4200.37,4199.11,4199.55,280
2026.09.30 09:33,4199.56,4199.97,4198.43,4199.97,240
2026.09.30 09:34,4199.96,4201.15,4199.95,4200.5,241
2026.09.30 09:35,4200.49,4201.31,4199.98,4200.33,275
2026.09.30 09:36,4200.32,4200.83,4199.59,4200.61,247
2026.09.30 09:37,4200.59,4201.21,4200.31,4200.76,262
2026.09.30 09:38,4200.72,4202.21,4200.35,4202.1,246
2026.09.30 09:39,4202.12,4202.18,4201.19,4201.3,229
2026.09.30 09:40,4201.28,4201.4,4200.01,4200.34,243
2026.09.30 09:41,4200.32,4200.66,4199.78,4200.16,254
2026.09.30 09:42,4200.15,4200.15,4197.69,4199.13,275
2026.09.30 09:43,4199.12,4199.35,4198.12,4198.13,223
2026.09.30 09:44,4198.12,4198.26,4197.46,4197.91,223
2026.09.30 09:45,4197.98,4198.3,4197.74,4198.04,195
2026.09.30 09:46,4198.01,4199.19,4197.85,4198.86,244
2026.09.30 09:47,4198.85,4199.31,4198.55,4198.6,243
2026.09.30 09:48,4198.59,4199.55,4198.45,4198.62,239
2026.09.30 09:49,4198.64,4198.69,4197.0,4197.33,181
2026.09.30 09:50,4197.32,4197.9,4197.11,4197.28,254
2026.09.30 09:51,4197.26,4197.33,4196.63,4197.02,351
2026.09.30 09:52,4196.97,4197.4,4196.59,4197.02,294
2026.09.30 09:53,4197.05,4197.12,4194.55,4194.88,258
2026.09.30 09:54,4194.87,4195.47,4194.2,4194.47,273
2026.09.30 09:55,4194.44,4194.5,4191.36,4193.43,387
2026.09.30 09:56,4193.42,4193.42,4192.19,4193.08,281
2026.09.30 09:57,4193.07,4193.75,4192.44,4193.57,277
2026.09.30 09:58,4193.42,4193.88,4192.42,4192.44,220
2026.09.30 09:59,4192.4,4192.69,4191.92,4191.92,223
2026.09.30 10:00,4191.84,4192.57,4191.29,4192.53,326
2026.09.30 10:01,4192.52,4192.61,4191.81,4192.44,259
2026.09.30 10:02,4192.46,4193.11,4192.25,4192.84,236
2026.09.30 10:03,4192.83,4193.27,4192.33,4192.99,220
2026.09.30 10:04,4192.98,4193.56,4192.5,4193.55,222
2026.09.30 10:05,4193.42,4194.15,4192.93,4193.78,280
2026.09.30 10:06,4193.69,4193.69,4190.98,4191.59,265
2026.09.30 10:07,4191.64,4191.94,4190.91,4191.68,243
2026.09.30 10:08,4191.69,4194.34,4191.37,4192.62,332
2026.09.30 10:09,4192.57,4192.57,4190.73,4191.29,326
2026.09.30 10:10,4191.3,4191.77,4190.06,4190.1,276
2026.09.30 10:11,4190.06,4190.61,4189.06,4189.11,300
2026.09.30 10:12,4189.09,4189.09,4188.02,4188.3,251
2026.09.30 10:13,4188.28,4188.51,4187.89,4188.17,225
2026.09.30 10:14,4188.18,4190.71,4187.96,4190.65,241
2026.09.30 10:15,4190.57,4190.98,4189.7,4190.29,255
2026.09.30 10:16,4190.27,4190.42,4188.58,4188.58,238
2026.09.30 10:17,4188.62,4189.72,4188.58,4189.13,221
2026.09.30 10:18,4189.18,4189.67,4188.75,4188.85,232
2026.09.30 10:19,4188.86,4189.19,4188.33,4188.52,272
2026.09.30 10:20,4188.48,4188.99,4187.8,4187.8,239
2026.09.30 10:21,4187.9,4188.08,4187.14,4187.56,187
2026.09.30 10:22,4187.55,4187.81,4186.02,4186.24,228
2026.09.30 10:23,4186.21,4186.21,4184.7,4185.66,254
2026.09.30 10:24,4185.67,4185.67,4184.4,4185.11,301
2026.09.30 10:25,4185.13,4185.3,4184.42,4185.04,279
2026.09.30 10:26,4185.03,4185.06,4183.06,4184.75,262
2026.09.30 10:27,4184.8,4186.89,4184.8,4186.72,224
2026.09.30 10:28,4186.71,4188.01,4186.5,4187.21,228
2026.09.30 10:29,4187.33,4188.02,4185.7,4185.91,266
2026.09.30 10:30,4185.9,4188.11,4185.72,4188.04,326
2026.09.30 10:31,4188.01,4189.07,4187.76,4188.63,270
2026.09.30 10:32,4188.65,4190.39,4188.64,4189.69,269
2026.09.30 10:33,4189.7,4190.14,4189.36,4189.84,254
2026.09.30 10:34,4189.85,4190.72,4189.73,4190.0,214
2026.09.30 10:35,4189.95,4189.99,4188.55,4188.73,192
2026.09.30 10:36,4188.69,4189.57,4188.53,4189.48,164
2026.09.30 10:37,4189.49,4190.07,4189.16,4189.52,136
2026.09.30 10:38,4189.37,4189.97,4189.34,4189.49,155
2026.09.30 10:39,4189.5,4189.63,4187.3,4187.32,191
2026.09.30 10:40,4187.41,4188.35,4187.29,4187.92,178
2026.09.30 10:41,4187.95,4188.35,4187.34,4187.81,204
2026.09.30 10:42,4187.82,4188.02,4187.39,4187.82,180
2026.09.30 10:43,4187.9,4187.9,4187.59,4187.65,150
2026.09.30 10:44,4187.7,4188.26,4187.63,4188.16,212
2026.09.30 10:45,4188.19,4189.42,4188.14,4189.02,242
2026.09.30 10:46,4188.9,4188.98,4187.66,4187.7,194
2026.09.30 10:47,4187.66,4187.69,4185.43,4186.31,229
2026.09.30 10:48,4186.3,4187.32,4186.3,4186.54,192
2026.09.30 10:49,4186.42,4187.74,4186.42,4187.42,170
2026.09.30 10:50,4187.49,4188.26,4187.19,4187.87,241
2026.09.30 10:51,4187.72,4187.73,4186.84,4187.06,196
2026.09.30 10:52,4187.05,4187.47,4186.81,4186.85,210
2026.09.30 10:53,4186.84,4186.98,4186.23,4186.29,211
2026.09.30 10:54,4186.23,4187.35,4186.06,4187.23,197
2026.09.30 10:55,4187.24,4188.05,4186.78,4187.77,214
2026.09.30 10:56,4187.75,4187.81,4186.58,4187.76,187
2026.09.30 10:57,4187.75,4189.23,4187.71,4188.81,203
2026.09.30 10:58,4188.79,4189.04,4187.94,4188.03,247
2026.09.30 10:59,4188.02,4188.36,4187.58,4188.06,177
2026.09.30 11:00,4187.96,4188.06,4186.61,4187.76,275
2026.09.30 11:01,4187.94,4189.18,4187.8,4189.07,252
2026.09.30 11:02,4189.14,4189.27,4187.5,4188.19,236
2026.09.30 11:03,4188.18,4189.95,4187.84,4189.2,231
2026.09.30 11:04,4189.22,4189.96,4188.72,4189.81,212
2026.09.30 11:05,4189.79,4190.59,4188.96,4189.02,274
2026.09.30 11:06,4189.03,4189.23,4188.46,4188.78,193
2026.09.30 11:07,4188.82,4189.13,4187.89,4187.89,215
2026.09.30 11:08,4187.88,4187.98,4187.06,4187.4,220
2026.09.30 11:09,4187.44,4188.37,4187.22,4187.51,214
2026.09.30 11:10,4187.56,4187.58,4186.74,4186.76,195
2026.09.30 11:11,4186.77,4187.59,4186.55,4186.88,201
2026.09.30 11:12,4186.85,4187.59,4186.18,4187.5,220
2026.09.30 11:13,4187.49,4188.38,4187.47,4188.0,165
2026.09.30 11:14,4187.97,4189.03,4187.96,4188.85,187
2026.09.30 11:15,4187.0,4188.19,4186.82,4187.38,240
2026.09.30 11:16,4187.46,4187.97,4186.91,4187.53,238
2026.09.30 11:17,4187.52,4188.34,4187.18,4187.51,232
2026.09.30 11:18,4187.5,4188.5,4185.43,4185.87,209
2026.09.30 11:19,4185.76,4187.1,4184.88,4185.07,373
2026.09.30 11:20,4185.04,4187.37,4184.78,4187.16,245
2026.09.30 11:21,4187.12,4188.14,4186.26,4187.42,254
2026.09.30 11:22,4187.41,4187.82,4186.47,4187.67,227
2026.09.30 11:23,4187.66,4188.8,4187.32,4187.54,222
2026.09.30 11:24,4187.51,4187.51,4186.13,4186.72,258
2026.09.30 11:25,4186.7,4189.48,4186.59,4189.47,247
2026.09.30 11:26,4189.48,4190.43,4189.22,4189.88,205
2026.09.30 11:27,4189.92,4189.93,4188.01,4188.01,198
2026.09.30 11:28,4188.0,4188.72,4187.92,4188.5,233
2026.09.30 11:29,4188.51,4188.92,4188.02,4188.05,221
2026.09.30 11:30,4188.13,4188.83,4188.0,4188.57,220
2026.09.30 11:31,4188.59,4189.02,4188.28,4188.83,220
2026.09.30 11:32,4188.82,4189.3,4187.84,4188.12,243
2026.09.30 11:33,4188.1,4188.61,4188.01,4188.48,199
2026.09.30 11:34,4188.47,4188.71,4186.41,4186.41,224
2026.09.30 11:35,4186.4,4187.96,4186.3,4187.48,265
2026.09.30 11:36,4187.55,4189.04,4187.45,4189.0,208
2026.09.30 11:37,4188.97,4189.15,4188.33,4188.36,245
2026.09.30 11:38,4188.37,4189.0,4188.21,4188.24,213
2026.09.30 11:39,4188.25,4189.18,4188.09,4188.65,227
2026.09.30 11:40,4188.66,4188.93,4188.16,4188.24,197
2026.09.30 11:41,4188.25,4188.65,4185.7,4185.72,214
2026.09.30 11:42,4185.78,4186.42,4184.78,4185.29,238
2026.09.30 11:43,4185.3,4185.43,4184.31,4185.11,237
2026.09.30 11:44,4185.15,4185.36,4183.81,4183.95,213
2026.09.30 11:45,4183.94,4184.3,4182.53,4183.77,185
2026.09.30 11:46,4183.76,4185.99,4183.75,4185.25,232
2026.09.30 11:47,4185.18,4185.34,4184.05,4184.33,250
2026.09.30 11:48,4184.4,4185.8,4184.3,4185.46,229
2026.09.30 11:49,4185.47,4185.73,4184.86,4185.03,198
2026.09.30 11:50,4184.96,4184.98,4183.56,4183.66,209
2026.09.30 11:51,4183.52,4183.57,4182.0,4182.07,223
2026.09.30 11:52,4182.08,4182.89,4181.41,4181.43,213
2026.09.30 11:53,4181.42,4182.73,4181.32,4182.66,223
2026.09.30 11:54,4182.65,4184.44,4182.51,4184.33,199
2026.09.30 11:55,4184.36,4184.66,4183.33,4183.47,182
2026.09.30 11:56,4183.48,4186.43,4183.19,4184.98,221
2026.09.30 11:57,4185.1,4185.72,4184.52,4185.49,234
2026.09.30 11:58,4185.44,4185.67,4184.14,4184.36,234
2026.09.30 11:59,4184.43,4185.38,4184.42,4184.74,263
2026.09.30 12:00,4184.58,4185.05,4183.82,4185.05,328
2026.09.30 12:01,4185.06,4185.06,4184.09,4184.82,298
2026.09.30 12:02,4184.85,4185.26,4184.05,4184.27,246
2026.09.30 12:03,4184.26,4185.42,4184.26,4184.76,232
2026.09.30 12:04,4184.74,4184.78,4183.95,4184.32,204
2026.09.30 12:05,4184.28,4184.78,4183.83,4184.35,240
2026.09.30 12:06,4184.3,4184.42,4183.07,4183.12,199
2026.09.30 12:07,4183.13,4183.13,4180.96,4181.8,256
2026.09.30 12:08,4181.84,4182.06,4180.81,4181.16,217
2026.09.30 12:09,4181.21,4181.61,4179.82,4180.01,213
2026.09.30 12:10,4180.13,4180.14,4179.05,4179.58,270
2026.09.30 12:11,4179.55,4180.79,4179.15,4180.07,295
2026.09.30 12:12,4180.06,4180.06,4179.28,4179.68,224
2026.09.30 12:13,4179.69,4180.48,4179.23,4179.47,236
2026.09.30 12:14,4179.46,4180.21,4179.43,4180.11,264
2026.09.30 12:15,4180.13,4180.36,4178.61,4178.61,210
2026.09.30 12:16,4178.57,4179.93,4178.3,4179.67,259
2026.09.30 12:17,4179.68,4180.01,4178.18,4178.46,195
2026.09.30 12:18,4178.43,4179.22,4178.13,4179.13,260
2026.09.30 12:19,4179.14,4179.66,4177.94,4177.95,236
2026.09.30 12:20,4177.87,4178.58,4176.45,4177.38,277
2026.09.30 12:21,4177.39,4177.9,4176.8,4177.79,267
2026.09.30 12:22,4177.92,4179.76,4177.64,4179.59,262
2026.09.30 12:23,4179.58,4182.3,4179.58,4182.11,244
2026.09.30 12:24,4182.13,4182.38,4181.22,4182.11,232
2026.09.30 12:25,4182.13,4183.53,4181.68,4183.13,245
2026.09.30 12:26,4183.15,4184.42,4182.82,4183.53,265
2026.09.30 12:27,4183.45,4183.61,4182.8,4183.18,212
2026.09.30 12:28,4183.21,4183.9,4183.03,4183.42,232
2026.09.30 12:29,4183.4,4184.88,4182.94,4183.44,279
2026.09.30 12:30,4183.45,4184.18,4182.58,4183.54,291
2026.09.30 12:31,4183.53,4185.36,4183.47,4184.46,269
2026.09.30 12:32,4184.48,4184.87,4182.86,4183.37,266
2026.09.30 12:33,4183.39,4184.54,4183.24,4184.51,202
2026.09.30 12:34,4184.52,4186.62,4184.49,4186.52,194
2026.09.30 12:35,4186.51,4187.22,4186.06,4187.01,217
2026.09.30 12:36,4187.0,4189.11,4186.76,4188.96,227
2026.09.30 12:37,4188.95,4192.31,4188.88,4191.36,283
2026.09.30 12:38,4191.38,4191.92,4190.71,4190.76,224
2026.09.30 12:39,4190.77,4191.54,4189.57,4189.76,220
2026.09.30 12:40,4189.77,4190.05,4188.62,4188.84,282
2026.09.30 12:41,4188.82,4188.82,4186.29,4186.5,221
2026.09.30 12:42,4186.65,4188.7,4186.56,4188.42,224
2026.09.30 12:43,4188.51,4188.61,4186.56,4186.96,270
2026.09.30 12:44,4186.95,4187.02,4186.12,4186.54,227
2026.09.30 12:45,4186.55,4186.76,4185.04,4185.11,218
2026.09.30 12:46,4185.03,4187.07,4183.94,4184.91,305
2026.09.30 12:47,4184.9,4185.81,4183.71,4183.73,354
2026.09.30 12:48,4183.76,4184.4,4183.38,4183.83,294
2026.09.30 12:49,4183.82,4185.34,4183.24,4184.95,319
2026.09.30 12:50,4184.78,4185.35,4183.95,4184.5,330
2026.09.30 12:51,4184.46,4185.78,4184.22,4185.06,329
2026.09.30 12:52,4185.07,4186.8,4184.55,4186.11,266
2026.09.30 12:53,4186.09,4186.33,4185.29,4185.97,246
2026.09.30 12:54,4185.85,4186.58,4185.08,4185.5,271
2026.09.30 12:55,4185.51,4186.57,4185.4,4185.7,299
2026.09.30 12:56,4185.84,4186.05,4184.67,4184.98,264
2026.09.30 12:57,4185.02,4185.52,4184.1,4184.14,245
2026.09.30 12:58,4184.13,4185.98,4184.04,4185.73,234
2026.09.30 12:59,4185.74,4186.92,4185.65,4186.72,241
2026.09.30 13:00,4186.73,4187.8,4185.47,4186.48,336
2026.09.30 13:01,4186.42,4187.06,4185.15,4185.85,243
2026.09.30 13:02,4185.87,4188.27,4185.72,4188.07,254
2026.09.30 13:03,4188.12,4189.4,4188.12,4188.32,315
2026.09.30 13:04,4188.3,4189.05,4188.13,4188.54,289
2026.09.30 13:05,4188.57,4188.59,4186.57,4186.93,325
2026.09.30 13:06,4186.87,4187.08,4185.38,4186.64,290
2026.09.30 13:07,4186.56,4188.28,4186.54,4188.12,312
2026.09.30 13:08,4188.14,4188.32,4186.91,4187.26,330
2026.09.30 13:09,4187.1,4189.02,4186.92,4188.73,268
2026.09.30 13:10,4188.72,4190.85,4188.44,4190.73,298
2026.09.30 13:11,4190.59,4190.71,4188.97,4190.5,371
2026.09.30 13:12,4190.41,4190.98,4189.94,4190.74,271
2026.09.30 13:13,4190.73,4191.98,4190.55,4191.98,229
2026.09.30 13:14,4192.11,4194.87,4192.11,4194.53,209
2026.09.30 13:15,4194.42,4194.53,4190.19,4191.3,361
2026.09.30 13:16,4191.34,4192.11,4190.62,4191.91,305
2026.09.30 13:17,4191.87,4191.87,4190.03,4190.62,268
2026.09.30 13:18,4190.64,4191.52,4189.91,4190.42,331
2026.09.30 13:19,4190.45,4191.4,4189.15,4189.31,309
2026.09.30 13:20,4189.32,4189.53,4184.1,4184.48,388
2026.09.30 13:21,4184.45,4185.27,4182.94,4183.07,337
2026.09.30 13:22,4183.06,4187.51,4182.81,4186.09,352
2026.09.30 13:23,4186.13,4187.02,4183.64,4185.42,327
2026.09.30 13:24,4185.39,4191.36,4185.06,4190.42,385
2026.09.30 13:25,4190.41,4192.77,4187.91,4188.25,342
2026.09.30 13:26,4188.18,4191.09,4188.16,4190.1,353
2026.09.30 13:27,4190.18,4191.25,4189.39,4190.29,281
2026.09.30 13:28,4190.28,4191.25,4189.67,4191.05,246
2026.09.30 13:29,4191.09,4193.29,4190.65,4193.26,243
2026.09.30 13:30,4193.34,4209.62,4192.84,4205.4,543
2026.09.30 13:31,4205.44,4218.9,4204.69,4216.81,546
2026.09.30 13:32,4216.91,4218.48,4213.25,4213.65,515
2026.09.30 13:33,4213.49,4216.33,4211.61,4212.25,527
2026.09.30 13:34,4212.19,4215.68,4210.15,4215.13,523
2026.09.30 13:35,4215.03,4219.27,4213.58,4214.07,472
2026.09.30 13:36,4214.09,4214.22,4208.78,4209.31,486
2026.09.30 13:37,4209.3,4211.35,4207.06,4211.07,469
2026.09.30 13:38,4210.99,4211.13,4207.71,4207.86,445
2026.09.30 13:39,4208.08,4208.12,4204.51,4205.7,413
2026.09.30 13:40,4205.57,4210.86,4205.52,4210.24,502
2026.09.30 13:41,4210.14,4214.64,4209.45,4214.16,466
2026.09.30 13:42,4214.13,4216.34,4210.57,4211.22,460
2026.09.30 13:43,4211.2,4213.21,4209.82,4211.3,447
2026.09.30 13:44,4211.21,4215.21,4210.86,4214.7,447
2026.09.30 13:45,4214.71,4218.88,4214.71,4215.98,448
2026.09.30 13:46,4215.94,4216.04,4208.6,4208.6,485
2026.09.30 13:47,4208.73,4211.37,4207.09,4210.0,506
2026.09.30 13:48,4210.1,4215.99,4210.03,4215.19,491
2026.09.30 13:49,4215.15,4215.19,4210.13,4210.51,473
2026.09.30 13:50,4210.48,4212.05,4209.62,4209.98,410
2026.09.30 13:51,4209.99,4213.49,4206.56,4212.62,443
2026.09.30 13:52,4212.61,4213.44,4210.78,4211.02,379
2026.09.30 13:53,4211.03,4211.08,4207.43,4208.13,378
2026.09.30 13:54,4208.12,4213.24,4207.83,4212.39,373
2026.09.30 13:55,4212.41,4215.22,4211.5,4215.22,429
2026.09.30 13:56,4215.25,4216.33,4212.27,4212.4,432
2026.09.30 13:57,4212.41,4213.32,4210.05,4210.06,406
2026.09.30 13:58,4210.01,4210.01,4206.05,4208.07,394
2026.09.30 13:59,4208.09,4209.6,4207.53,4208.3,408
2026.09.30 14:00,4208.33,4214.6,4207.26,4213.16,505
2026.09.30 14:01,4213.25,4214.29,4211.39,4212.9,445
2026.09.30 14:02,4212.96,4213.17,4210.79,4212.42,429
2026.09.30 14:03,4212.41,4212.58,4210.02,4210.59,427
2026.09.30 14:04,4210.8,4210.98,4206.91,4208.57,404
2026.09.30 14:05,4208.58,4211.32,4208.58,4210.51,385
2026.09.30 14:06,4210.54,4211.79,4208.2,4208.73,413
2026.09.30 14:07,4208.74,4211.47,4208.09,4209.93,390
2026.09.30 14:08,4209.85,4211.03,4205.61,4206.12,425
2026.09.30 14:09,4206.08,4207.46,4205.33,4207.19,352
2026.09.30 14:10,4207.18,4207.18,4204.0,4204.0,396
2026.09.30 14:11,4204.01,4205.98,4203.3,4205.5,393
2026.09.30 14:12,4205.51,4205.72,4201.67,4202.09,397
2026.09.30 14:13,4202.08,4204.43,4202.04,4202.7,382
2026.09.30 14:14,4202.72,4203.82,4201.7,4202.54,411
2026.09.30 14:15,4202.65,4203.86,4199.23,4199.63,447
2026.09.30 14:16,4199.66,4201.78,4199.3,4200.07,376
2026.09.30 14:17,4200.09,4200.36,4197.66,4198.28,387
2026.09.30 14:18,4198.26,4199.29,4196.43,4198.85,354
2026.09.30 14:19,4198.74,4198.74,4194.54,4195.83,387
2026.09.30 14:20,4195.91,4197.47,4192.62,4192.96,408
2026.09.30 14:21,4192.92,4195.0,4192.22,4192.73,394
2026.09.30 14:22,4192.71,4195.45,4192.27,4192.31,398
2026.09.30 14:23,4192.3,4192.89,4191.2,4192.69,350
2026.09.30 14:24,4192.66,4194.1,4191.27,4193.6,345
2026.09.30 14:25,4193.53,4195.47,4193.24,4193.77,372
2026.09.30 14:26,4193.74,4197.14,4193.32,4196.58,382
2026.09.30 14:27,4196.67,4197.59,4195.94,4196.35,324
2026.09.30 14:28,4196.29,4196.45,4193.32,4194.03,363
2026.09.30 14:29,4193.99,4194.97,4192.99,4193.48,406
2026.09.30 14:30,4193.42,4195.48,4191.18,4193.61,516
2026.09.30 14:31,4193.64,4195.68,4192.0,4192.83,487
2026.09.30 14:32,4192.69,4193.54,4188.16,4188.89,480
2026.09.30 14:33,4188.9,4192.85,4188.31,4191.8,453
2026.09.30 14:34,4191.87,4193.66,4191.69,4192.93,395
2026.09.30 14:35,4192.88,4193.21,4188.28,4191.55,464
2026.09.30 14:36,4191.65,4193.81,4191.25,4191.31,456
2026.09.30 14:37,4191.3,4191.63,4188.32,4188.37,450
2026.09.30 14:38,4188.39,4188.39,4183.96,4185.74,447
2026.09.30 14:39,4185.71,4187.42,4185.18,4186.49,420
2026.09.30 14:40,4186.5,4186.86,4185.14,4185.93,403
2026.09.30 14:41,4185.89,4187.47,4185.07,4187.38,342
2026.09.30 14:42,4187.4,4188.27,4185.49,4185.75,381
2026.09.30 14:43,4185.7,4185.7,4182.2,4182.4,395
2026.09.30 14:44,4182.39,4184.65,4181.87,4183.53,362
2026.09.30 14:45,4183.51,4183.51,4179.69,4179.69,436
2026.09.30 14:46,4179.68,4179.68,4177.47,4179.13,436
2026.09.30 14:47,4179.11,4182.89,4179.02,4182.77,446
2026.09.30 14:48,4182.71,4184.41,4181.26,4182.08,459
2026.09.30 14:49,4182.13,4185.13,4181.05,4181.05,496
2026.09.30 14:50,4180.91,4181.72,4178.88,4179.91,514
2026.09.30 14:51,4179.99,4182.04,4179.81,4181.41,457
2026.09.30 14:52,4181.37,4181.37,4176.65,4179.16,467
2026.09.30 14:53,4179.17,4182.08,4178.46,4181.4,451
2026.09.30 14:54,4181.32,4182.93,4180.46,4182.59,437
2026.09.30 14:55,4182.46,4184.06,4181.32,4182.71,436
2026.09.30 14:56,4182.68,4183.45,4179.59,4180.28,465
2026.09.30 14:57,4180.21,4180.95,4178.61,4179.62,425
2026.09.30 14:58,4179.59,4179.92,4178.26,4178.4,426
2026.09.30 14:59,4178.39,4179.14,4177.35,4177.56,433
2026.09.30 15:00,4177.57,4178.3,4176.17,4176.98,477
2026.09.30 15:01,4176.93,4177.97,4174.22,4176.3,472
2026.09.30 15:02,4176.31,4177.95,4174.56,4177.69,460
2026.09.30 15:03,4177.71,4178.79,4175.5,4178.43,465
2026.09.30 15:04,4178.48,4179.37,4177.09,4178.64,408
2026.09.30 15:05,4178.7,4182.24,4178.23,4182.06,409
2026.09.30 15:06,4182.01,4183.2,4180.49,4182.06,400
2026.09.30 15:07,4182.08,4182.13,4178.58,4179.29,402
2026.09.30 15:08,4179.33,4179.53,4175.64,4178.8,434
2026.09.30 15:09,4178.74,4181.89,4175.75,4181.65,466
2026.09.30 15:10,4181.62,4182.53,4179.37,4180.06,450
2026.09.30 15:11,4179.81,4181.11,4178.55,4181.11,448
2026.09.30 15:12,4181.03,4183.78,4179.35,4181.84,441
2026.09.30 15:13,4181.88,4182.48,4180.2,4180.88,434
2026.09.30 15:14,4180.85,4182.78,4179.71,4180.47,429
2026.09.30 15:15,4180.46,4183.09,4179.05,4182.52,477
2026.09.30 15:16,4182.49,4182.63,4179.34,4181.0,439
2026.09.30 15:17,4181.04,4181.22,4177.89,4179.37,410
2026.09.30 15:18,4179.32,4180.72,4177.98,4178.01,398
2026.09.30 15:19,4178.0,4178.0,4173.82,4177.32,463
2026.09.30 15:20,4177.34,4179.31,4176.01,4179.04,433
2026.09.30 15:21,4178.61,4180.14,4175.8,4175.98,402
2026.09.30 15:22,4175.99,4176.49,4173.1,4174.67,419
2026.09.30 15:23,4174.61,4176.08,4172.68,4174.12,433
2026.09.30 15:24,4174.11,4175.02,4173.6,4173.79,393
2026.09.30 15:25,4173.75,4174.15,4170.14,4171.93,445
2026.09.30 15:26,4171.91,4173.65,4171.39,4173.37,421
2026.09.30 15:27,4173.48,4173.63,4171.21,4172.37,389
2026.09.30 15:28,4172.36,4172.47,4169.99,4171.35,423
2026.09.30 15:29,4171.37,4172.14,4170.07,4171.42,413
2026.09.30 15:30,4171.35,4172.91,4168.23,4172.62,496
2026.09.30 15:31,4172.79,4173.62,4170.87,4173.43,465
2026.09.30 15:32,4173.54,4175.14,4168.81,4168.99,468
2026.09.30 15:33,4169.03,4171.93,4166.98,4170.07,444
2026.09.30 15:34,4170.08,4170.11,4168.33,4169.99,436
2026.09.30 15:35,4169.97,4171.68,4169.07,4169.45,407
2026.09.30 15:36,4169.65,4170.57,4166.86,4166.86,425
2026.09.30 15:37,4166.91,4167.79,4164.43,4165.36,427
2026.09.30 15:38,4165.28,4168.84,4164.75,4168.2,441
2026.09.30 15:39,4168.03,4170.04,4166.4,4168.19,434
2026.09.30 15:40,4168.25,4170.03,4166.6,4169.77,379
2026.09.30 15:41,4169.76,4170.87,4168.68,4170.78,429
2026.09.30 15:42,4170.76,4173.29,4170.4,4173.01,414
2026.09.30 15:43,4173.04,4173.07,4169.55,4170.28,480
2026.09.30 15:44,4170.22,4171.96,4168.91,4169.41,445
2026.09.30 15:45,4169.38,4173.32,4168.78,4173.11,465
2026.09.30 15:46,4173.27,4173.3,4170.41,4171.58,456
2026.09.30 15:47,4171.56,4173.18,4170.92,4172.65,445
2026.09.30 15:48,4172.72,4173.84,4170.58,4171.25,430
2026.09.30 15:49,4171.33,4173.07,4170.32,4173.07,376
2026.09.30 15:50,4173.08,4173.78,4170.94,4172.12,389
2026.09.30 15:51,4172.03,4172.84,4169.87,4171.69,464
2026.09.30 15:52,4171.81,4172.12,4168.46,4171.12,401
2026.09.30 15:53,4170.99,4171.93,4170.38,4171.65,430
2026.09.30 15:54,4171.78,4176.73,4171.78,4175.37,481
2026.09.30 15:55,4175.38,4176.74,4174.75,4175.57,457
2026.09.30 15:56,4175.64,4175.64,4170.29,4170.4,449
2026.09.30 15:57,4170.28,4171.09,4169.11,4170.07,474
2026.09.30 15:58,4170.0,4170.29,4166.04,4166.69,442
2026.09.30 15:59,4166.74,4168.26,4165.09,4165.37,435
2026.09.30 16:00,4165.35,4167.21,4164.79,4166.23,471
2026.09.30 16:01,4166.2,4166.92,4164.67,4165.09,458
2026.09.30 16:02,4164.91,4166.76,4162.03,4162.79,455
2026.09.30 16:03,4162.76,4166.4,4162.26,4166.38,440
2026.09.30 16:04,4166.37,4168.12,4165.87,4167.7,429
2026.09.30 16:05,4167.64,4168.26,4165.4,4166.24,421
2026.09.30 16:06,4166.28,4166.74,4160.71,4162.09,438
2026.09.30 16:07,4162.17,4162.68,4159.79,4160.39,430
2026.09.30 16:08,4160.38,4161.39,4159.68,4161.07,406
2026.09.30 16:09,4161.0,4163.15,4160.94,4162.28,358
2026.09.30 16:10,4162.31,4162.67,4161.37,4161.99,360
2026.09.30 16:11,4162.06,4163.27,4160.24,4161.37,414
2026.09.30 16:12,4161.38,4162.59,4158.62,4161.86,382
2026.09.30 16:13,4162.01,4164.75,4161.85,4163.89,415
2026.09.30 16:14,4163.9,4165.69,4162.99,4164.02,415
2026.09.30 16:15,4163.99,4165.8,4163.39,4164.59,407
2026.09.30 16:16,4164.36,4164.54,4160.45,4160.49,397
2026.09.30 16:17,4160.47,4160.65,4158.8,4160.32,383
2026.09.30 16:18,4160.33,4160.66,4159.42,4159.68,319
2026.09.30 16:19,4159.74,4160.22,4158.71,4159.66,363
2026.09.30 16:20,4159.56,4159.87,4157.58,4157.92,409
2026.09.30 16:21,4157.82,4158.2,4155.8,4158.13,390
2026.09.30 16:22,4158.18,4158.31,4156.64,4156.84,354
2026.09.30 16:23,4156.76,4158.47,4155.95,4158.41,358
2026.09.30 16:24,4158.46,4158.48,4155.72,4155.88,371
2026.09.30 16:25,4155.81,4157.99,4154.16,4154.56,357
2026.09.30 16:26,4154.58,4155.01,4152.61,4152.61,375
2026.09.30 16:27,4152.59,4152.75,4151.34,4151.78,374
2026.09.30 16:28,4151.69,4153.56,4151.44,4153.51,381
2026.09.30 16:29,4153.54,4157.13,4153.54,4156.7,403
2026.09.30 16:30,4156.74,4161.93,4156.74,4160.82,406
2026.09.30 16:31,4160.83,4163.12,4160.38,4163.12,371
2026.09.30 16:32,4163.03,4163.23,4161.03,4161.9,337
2026.09.30 16:33,4161.87,4163.35,4161.35,4163.2,333
2026.09.30 16:34,4163.22,4163.7,4158.07,4159.23,376
2026.09.30 16:35,4159.21,4160.61,4158.3,4158.47,376
